q3_curso,q4_institucion,q5_grado,q7_sesion,n_alumnos,q8_fecha_clase,nombre_tema_A,nombre_tema_B,comment_class,pct_puntaje,duration_h,asistencia,logro,proceso,inicio,pct_asistencia,pct_logro,pct_proceso,pct_inicio
Lectoescritura,I.E Carlos Ríos Ríos (Nuevo Mundo),4to de Secundaria,Sesión de reforzamiento,28,13apr2026,Textos descriptivos,,Baja asistencia,.3125,2.6666667,4,0,2,2,.14285715,0,.5,.5
Lectoescritura,I.E Carlos Ríos Ríos (Nuevo Mundo),4to de Secundaria,Sesión de reforzamiento,28,16apr2026,Textos instructivos,,Ninguno,.5,2.6666667,3,0,3,0,.10714286,0,1,0
Lectoescritura,I.E Carlos Ríos Ríos (Nuevo Mundo),4to de Secundaria,Sesión de reforzamiento,28,27apr2026,Textos narrativos I,,Baja asistencia,.60714287,2.6666667,14,5,9,0,.5,.35714287,.64285713,0
Lectoescritura,I.E Carlos Ríos Ríos (Nuevo Mundo),4to de Secundaria,Sesión de reforzamiento,28,30apr2026,Textos narrativos I,,Baja asistencia,.60000002,2.6666667,1,0,1,0,.035714287,0,1,0
Lectoescritura,I.E Carlos Ríos Ríos (Nuevo Mundo),4to de Secundaria,Sesión de reforzamiento,28,11may2026,Textos narrativos II,,Baja asistencia,.5,2.6666667,4,1,1,2,.14285715,.25,.25,.5
Lectoescritura,I.E Carlos Ríos Ríos (Nuevo Mundo),4to de Secundaria,Sesión de reforzamiento,28,14may2026,Textos narrativos II,,Ninguno,.5714286,2.6666667,7,3,2,2,.25,.42857143,.2857143,.2857143
Lectoescritura,I.E Carlos Ríos Ríos (Nuevo Mundo),4to de Secundaria,Sesión de reforzamiento,28,08jun2026,Textos narrativos III,,Dirección canceló la clase por motivo de festividad en la comunidad,,2.6666667,0,0,0,0,0,,,
Lectoescritura,I.E Carlos Ríos Ríos (Nuevo Mundo),4to de Secundaria,Sesión de reforzamiento,28,09jun2026,Textos narrativos III,,La clase solo duro 1 hora ,.80000001,2.6666667,2,1,1,0,.071428575,.5,.5,0
Lectoescritura,I.E Carlos Ríos Ríos (Nuevo Mundo),4to de Secundaria,Sesión de reforzamiento,28,12jun2026,Textos narrativos II,,Los estudiantes no asistieron a la clase ,,2.6666667,0,0,0,0,0,,,
Lectoescritura,I.E Carlos Ríos Ríos (Nuevo Mundo),4to de Secundaria,Sesión de reforzamiento,28,26jun2026,Textos expositivos I,,Textos expositivos ,.80000001,2.6666667,4,4,0,0,.14285715,1,0,0
Lectoescritura,I.E Carlos Ríos Ríos (Nuevo Mundo),4to de Secundaria,Sesión de reforzamiento,28,07jul2026,Textos expositivos II,,No hubo mucha asistencia ,.375,2.6666667,2,0,1,1,.071428575,0,.5,.5
Lectoescritura,I.E Carlos Ríos Ríos (Nuevo Mundo),4to de Secundaria,Sesión de reforzamiento,28,09jul2026,Textos narrativos II,,Se trabajaron textos expositivos pero también se hizo un repaso de los anteriores temas ya que los estudiantes habían faltado a varias clases,.75,2.6666667,3,2,1,0,.10714286,.66666669,.33333334,0
Lectoescritura,I.E Carlos Ríos Ríos (Nuevo Mundo),4to de Secundaria,Sesión de reforzamiento,28,10jul2026,Textos argumentativos I,,Se trabajaron textos argumentativos,.625,2.6666667,8,4,1,3,.2857143,.5,.125,.375
Lectoescritura,I.E Carlos Ríos Ríos (Nuevo Mundo),4to de Secundaria,Sesión de consolidación (miércoles y sábados),28,15apr2026,Textos descriptivos,,Baja asistencia ,.55555558,1.3333334,3,0,2,1,.10714286,0,.66666669,.33333334
Lectoescritura,I.E Carlos Ríos Ríos (Nuevo Mundo),4to de Secundaria,Sesión de consolidación (miércoles y sábados),28,18apr2026,Textos instructivos,,No hubo asistencia ,,1.3333334,0,0,0,0,0,,,
Lectoescritura,I.E Carlos Ríos Ríos (Nuevo Mundo),4to de Secundaria,Sesión de consolidación (miércoles y sábados),28,29apr2026,Textos narrativos I,,Ninguno,.5,1.3333334,4,1,2,1,.14285715,.25,.5,.25
Lectoescritura,I.E Carlos Ríos Ríos (Nuevo Mundo),4to de Secundaria,Sesión de consolidación (miércoles y sábados),28,02may2026,Textos narrativos I,,Baja asistencia,.66666669,1.3333334,1,0,1,0,.035714287,0,1,0
Lectoescritura,I.E Carlos Ríos Ríos (Nuevo Mundo),4to de Secundaria,Sesión de consolidación (miércoles y sábados),28,13may2026,Textos narrativos II,,Ninguna,.66666669,1.3333334,3,2,1,0,.10714286,.66666669,.33333334,0
Lectoescritura,I.E Carlos Ríos Ríos (Nuevo Mundo),4to de Secundaria,Sesión de consolidación (miércoles y sábados),28,16may2026,Textos narrativos I,,Ninguno,.40000001,1.3333334,7,1,1,5,.25,.14285715,.14285715,.71428573
Lectoescritura,I.E Carlos Ríos Ríos (Nuevo Mundo),4to de Secundaria,Sesión de consolidación (miércoles y sábados),28,13jun2026,Textos narrativos II,,No hubo mucha asistencia ,.25,1.3333334,1,0,0,1,.035714287,0,0,1
Lectoescritura,I.E Carlos Ríos Ríos (Nuevo Mundo),4to de Secundaria,Sesión de consolidación (miércoles y sábados),28,27jun2026,Textos expositivos I,,Textos expositivos ,.80000001,1.3333334,4,4,0,0,.14285715,1,0,0
Lectoescritura,I.E Carlos Ríos Ríos (Nuevo Mundo),4to de Secundaria,Sesión de consolidación (miércoles y sábados),28,08jul2026,Textos expositivos II,,Se trabajaron textos expositivos,.75,1.3333334,4,3,1,0,.14285715,.75,.25,0
Lectoescritura,I.E Carlos Ríos Ríos (Nuevo Mundo),4to de Secundaria,Sesión de consolidación (miércoles y sábados),28,11jul2026,Textos argumentativos I,,Se trabajaron textos argumentativos,.083333336,1.3333334,3,0,0,3,.10714286,0,0,1
Matemática,I.E Carlos Ríos Ríos (Nuevo Mundo),4to de Secundaria,Sesión de reforzamiento,28,06apr2026,Nivelación 0,,,.46875,2.6666667,8,4,1,3,.2857143,.5,.125,.375
Matemática,I.E Carlos Ríos Ríos (Nuevo Mundo),4to de Secundaria,Sesión de reforzamiento,28,09apr2026,Fracciones,,Plan de contingencia para el exit ticket ,.6875,2.6666667,15,8,1,3,.53571427,.53333336,.06666667,.2
Matemática,I.E Carlos Ríos Ríos (Nuevo Mundo),4to de Secundaria,Sesión de reforzamiento,28,20apr2026,Operaciones con fracciones,,Poco asistencia considero que deberían tomar como referencia Kirigueti debe haber un compromiso del director y jefe de la comunidad ,.75,2.6666667,6,5,0,1,.21428572,.83333331,0,.16666667
Matemática,I.E Carlos Ríos Ríos (Nuevo Mundo),4to de Secundaria,Sesión de reforzamiento,28,23apr2026,Números decimales,,Me llamo un padre de familia preocupada por su hija ya que dice que es muy tarde,.75,2.6666667,9,9,0,0,.32142857,1,0,0
Matemática,I.E Carlos Ríos Ríos (Nuevo Mundo),4to de Secundaria,Sesión de reforzamiento,28,04may2026,Porcentajes I,,Me falta plumón ,.72500002,2.6666667,9,7,0,1,.32142857,.77777779,0,.11111111
Matemática,I.E Carlos Ríos Ríos (Nuevo Mundo),4to de Secundaria,Sesión de reforzamiento,28,07may2026,Porcentajes II,,Pocos estudiantes ya que mañana festejarán el día de la madre ,.65714288,2.6666667,7,5,0,2,.25,.71428573,0,.2857143
Matemática,I.E Carlos Ríos Ríos (Nuevo Mundo),4to de Secundaria,Sesión de reforzamiento,28,01jun2026,Fracciones,Operaciones con fracciones,"Solo una estudiante, aproveche para enseñarle fracciones y que resuelva ejercicios ",.80000001,2.6666667,1,1,0,0,.035714287,1,0,0
Matemática,I.E Carlos Ríos Ríos (Nuevo Mundo),4to de Secundaria,Sesión de reforzamiento,28,04jun2026,Fracciones,Operaciones con fracciones,Al ver que los chicos tienen dificultades en Fracciones y en la primera clase de fracciones no asistieron se tuve que hacer la clase de fracciones ,.80000001,2.6666667,9,6,0,2,.32142857,.66666669,0,.22222222
Matemática,I.E Carlos Ríos Ríos (Nuevo Mundo),4to de Secundaria,Sesión de reforzamiento,28,15jun2026,Proporciones,,Grupo 1,.45000002,2.6666667,4,0,2,2,.14285715,0,.5,.5
Matemática,I.E Carlos Ríos Ríos (Nuevo Mundo),4to de Secundaria,Sesión de reforzamiento,28,16jun2026,Proporciones,,Los del grupo 1 salieron temprano pues tenían un trabajo de EPT,,2.6666667,3,0,0,0,.10714286,0,0,0
Matemática,I.E Carlos Ríos Ríos (Nuevo Mundo),4to de Secundaria,Sesión de reforzamiento,28,18jun2026,Nivelación 0,,"Todo cuarto se fue a sembrar sus hortalizas en el mismo horario del reforzamiento. Tres estudiantes de primer grado entraron a mi clase, les enseñe a sumar",,2.6666667,0,0,0,0,0,,,
Matemática,I.E Carlos Ríos Ríos (Nuevo Mundo),4to de Secundaria,Sesión de reforzamiento,28,19jun2026,Nivelación 0,,Solo asistieron 2 alumnas de cuarto en cuarto hay muchos de segundo grupo ,.625,2.6666667,2,1,1,0,.071428575,.5,.5,0
Matemática,I.E Carlos Ríos Ríos (Nuevo Mundo),4to de Secundaria,Sesión de reforzamiento,28,29jun2026,Nivelación 0,,Al estudiante Jhon se le enseño multiplicar y dividir ,.60000002,2.6666667,2,0,1,0,.071428575,0,.5,0
Matemática,I.E Carlos Ríos Ríos (Nuevo Mundo),4to de Secundaria,Sesión de reforzamiento,28,30jun2026,Porcentajes I,Porcentajes II,0 estudiantes de cuarto ,,2.6666667,0,0,0,0,0,,,
Matemática,I.E Carlos Ríos Ríos (Nuevo Mundo),4to de Secundaria,Sesión de reforzamiento,28,02jul2026,Nivelación 0,,Multiplicación y división ,1,2.6666667,2,2,0,0,.071428575,1,0,0
Matemática,I.E Carlos Ríos Ríos (Nuevo Mundo),4to de Secundaria,Sesión de reforzamiento,28,03jul2026,Nivelación 0,Operaciones con fracciones,Algunos estudiantes se les enseño sumar restar a otros proporciones de acuerdo a su nivel y su asistencia ,.88,2.6666667,5,5,0,0,.17857143,1,0,0
Matemática,I.E Carlos Ríos Ríos (Nuevo Mundo),4to de Secundaria,Sesión de reforzamiento,28,13jul2026,Nivelación 0,Porcentajes I,.,.54285717,2.6666667,7,3,0,4,.25,.42857143,0,.5714286
Matemática,I.E Carlos Ríos Ríos (Nuevo Mundo),4to de Secundaria,Sesión de reforzamiento,28,14jul2026,Nivelación 0,Proporciones,.,.84000003,2.6666667,5,5,0,0,.17857143,1,0,0
Matemática,I.E Carlos Ríos Ríos (Nuevo Mundo),4to de Secundaria,Sesión de reforzamiento,28,16jul2026,Números decimales,Proporciones,.,.65714288,2.6666667,7,4,1,2,.25,.5714286,.14285715,.2857143
Matemática,I.E Carlos Ríos Ríos (Nuevo Mundo),4to de Secundaria,Sesión de reforzamiento,28,17jul2026,Nivelación 0,Lenguaje algebraico y ecuaciones,.,.76666665,2.6666667,6,4,1,1,.21428572,.66666669,.16666667,.16666667
Matemática,I.E Carlos Ríos Ríos (Nuevo Mundo),4to de Secundaria,Sesión de consolidación (miércoles y sábados),28,08apr2026,Nivelación 0,,Hoy no se tomó exit ticket ,,1.3333334,9,0,0,0,.32142857,0,0,0
Matemática,I.E Carlos Ríos Ríos (Nuevo Mundo),4to de Secundaria,Sesión de consolidación (miércoles y sábados),28,11apr2026,Fracciones,,Pocos alumnos ,.33333334,1.3333334,3,0,1,2,.10714286,0,.33333334,.66666669
Matemática,I.E Carlos Ríos Ríos (Nuevo Mundo),4to de Secundaria,Sesión de consolidación (miércoles y sábados),28,22apr2026,Operaciones con fracciones,,Pocos estudiantes ,.75,1.3333334,2,2,0,0,.071428575,1,0,0
Matemática,I.E Carlos Ríos Ríos (Nuevo Mundo),4to de Secundaria,Sesión de consolidación (miércoles y sábados),28,25apr2026,Números decimales,,Pocos alumnos ,.875,1.3333334,2,2,0,0,.071428575,1,0,0
Matemática,I.E Carlos Ríos Ríos (Nuevo Mundo),4to de Secundaria,Sesión de consolidación (miércoles y sábados),28,06may2026,Porcentajes I,,Hay chicos que vienen solo a la sesión de consolidación y como no saben teoría se pierde.,.73333335,1.3333334,9,7,0,2,.32142857,.77777779,0,.22222222
Matemática,I.E Carlos Ríos Ríos (Nuevo Mundo),4to de Secundaria,Sesión de consolidación (miércoles y sábados),28,03jun2026,Fracciones,Operaciones con fracciones,Descubrí que el punto débil de los chicos es Fracciones y números decimales ,.35000002,1.3333334,8,0,2,6,.2857143,0,.25,.75
Matemática,I.E Carlos Ríos Ríos (Nuevo Mundo),4to de Secundaria,Sesión de consolidación (miércoles y sábados),28,06jun2026,Fracciones,Operaciones con fracciones,Fue productivo para las estudiantes que asistieron ,.73333335,1.3333334,3,2,0,1,.10714286,.66666669,0,.33333334
Matemática,I.E Carlos Ríos Ríos (Nuevo Mundo),4to de Secundaria,Sesión de consolidación (miércoles y sábados),28,17jun2026,Proporciones,,Chicos de cuarto están de nivel menos que de quinto ,.53333336,1.3333334,6,2,1,3,.21428572,.33333334,.16666667,.5
Matemática,I.E Carlos Ríos Ríos (Nuevo Mundo),4to de Secundaria,Sesión de consolidación (miércoles y sábados),28,20jun2026,Nivelación 0,,Llovió fuerte justo a la hora de entrada,,1.3333334,0,0,0,0,0,,,
Matemática,I.E Carlos Ríos Ríos (Nuevo Mundo),4to de Secundaria,Sesión de consolidación (miércoles y sábados),28,01jul2026,Proporciones,,Grupo 1 ,.53333336,1.3333334,3,1,0,2,.10714286,.33333334,0,.66666669
Matemática,I.E Carlos Ríos Ríos (Nuevo Mundo),4to de Secundaria,Sesión de consolidación (miércoles y sábados),28,04jul2026,Nivelación 0,Números decimales,Se les enseña de acuerdo a su asistencia y a su nivel ,.84000003,1.3333334,5,5,0,0,.17857143,1,0,0
Matemática,I.E Carlos Ríos Ríos (Nuevo Mundo),4to de Secundaria,Sesión de consolidación (miércoles y sábados),28,15jul2026,Fracciones,Patrones y progresiones,.,.73333335,1.3333334,3,2,0,1,.10714286,.66666669,0,.33333334
Matemática,I.E Carlos Ríos Ríos (Nuevo Mundo),4to de Secundaria,Sesión de consolidación (miércoles y sábados),28,18jul2026,Lenguaje algebraico y ecuaciones,,.,.60000002,1.3333334,6,3,1,2,.21428572,.5,.16666667,.33333334
Lectoescritura,I.E Carlos Ríos Ríos (Nuevo Mundo),5to de Secundaria,Sesión de reforzamiento,23,14apr2026,Textos descriptivos,,Baja asistencia,.64999998,2.6666667,5,3,2,0,.2173913,.60000002,.40000001,0
Lectoescritura,I.E Carlos Ríos Ríos (Nuevo Mundo),5to de Secundaria,Sesión de reforzamiento,23,17apr2026,Textos instructivos,,Baja asistencia ,.5625,2.6666667,4,2,1,1,.17391305,.5,.25,.25
Lectoescritura,I.E Carlos Ríos Ríos (Nuevo Mundo),5to de Secundaria,Sesión de reforzamiento,23,28apr2026,Textos narrativos I,,Ninguno,.35416666,2.6666667,12,2,4,6,.52173913,.16666667,.33333334,.5
Lectoescritura,I.E Carlos Ríos Ríos (Nuevo Mundo),5to de Secundaria,Sesión de reforzamiento,23,01may2026,Textos narrativos I,,Ninguno,.71875,2.6666667,8,5,3,0,.34782609,.625,.375,0
Lectoescritura,I.E Carlos Ríos Ríos (Nuevo Mundo),5to de Secundaria,Sesión de reforzamiento,23,12may2026,Textos narrativos II,,Kia Kiara se retiró del colegio,.5866667,2.6666667,15,5,5,5,.65217394,.33333334,.33333334,.33333334
Lectoescritura,I.E Carlos Ríos Ríos (Nuevo Mundo),5to de Secundaria,Sesión de reforzamiento,23,15may2026,Textos narrativos II,,Ninguno,.79166669,2.6666667,6,5,0,1,.26086956,.83333331,0,.16666667
Lectoescritura,I.E Carlos Ríos Ríos (Nuevo Mundo),5to de Secundaria,Sesión de reforzamiento,23,09jun2026,Textos narrativos III,,La clase solo duró 1 hora,.5714286,2.6666667,7,3,1,3,.30434781,.42857143,.14285715,.42857143
Lectoescritura,I.E Carlos Ríos Ríos (Nuevo Mundo),5to de Secundaria,Sesión de reforzamiento,23,26jun2026,Textos expositivos I,,Textos expositivos ,.94999999,2.6666667,4,4,0,0,.17391305,1,0,0
Lectoescritura,I.E Carlos Ríos Ríos (Nuevo Mundo),5to de Secundaria,Sesión de reforzamiento,23,07jul2026,Textos expositivos II,,Se trabajaron textos expositivos,.5625,2.6666667,4,2,1,1,.17391305,.5,.25,.25
Lectoescritura,I.E Carlos Ríos Ríos (Nuevo Mundo),5to de Secundaria,Sesión de reforzamiento,23,09jul2026,Textos narrativos II,,No se hicieron los estudiantes,,2.6666667,0,0,0,0,0,,,
Lectoescritura,I.E Carlos Ríos Ríos (Nuevo Mundo),5to de Secundaria,Sesión de reforzamiento,23,10jul2026,Textos argumentativos I,,Se trabajaron textos argumentativos,.9666667,2.6666667,6,6,0,0,.26086956,1,0,0
Lectoescritura,I.E Carlos Ríos Ríos (Nuevo Mundo),5to de Secundaria,Sesión de consolidación (miércoles y sábados),23,15apr2026,Textos descriptivos,,Baja asistencia ,.66666669,1.3333334,2,1,0,1,.086956523,.5,0,.5
Lectoescritura,I.E Carlos Ríos Ríos (Nuevo Mundo),5to de Secundaria,Sesión de consolidación (miércoles y sábados),23,18apr2026,Textos instructivos,,Baja asistencia ,.625,1.3333334,4,2,2,0,.17391305,.5,.5,0
Lectoescritura,I.E Carlos Ríos Ríos (Nuevo Mundo),5to de Secundaria,Sesión de consolidación (miércoles y sábados),23,29apr2026,Textos narrativos I,,Ninguno,.33333334,1.3333334,3,1,0,2,.13043478,.33333334,0,.66666669
Lectoescritura,I.E Carlos Ríos Ríos (Nuevo Mundo),5to de Secundaria,Sesión de consolidación (miércoles y sábados),23,02may2026,Textos narrativos I,,Ninguno,.93333334,1.3333334,5,4,1,0,.2173913,.80000001,.2,0
Lectoescritura,I.E Carlos Ríos Ríos (Nuevo Mundo),5to de Secundaria,Sesión de consolidación (miércoles y sábados),23,13may2026,Textos narrativos II,,ninguno,.69999999,1.3333334,5,4,0,1,.2173913,.80000001,0,.2
Lectoescritura,I.E Carlos Ríos Ríos (Nuevo Mundo),5to de Secundaria,Sesión de consolidación (miércoles y sábados),23,16may2026,Textos narrativos I,,Ninguno,.60000002,1.3333334,4,0,4,0,.17391305,0,1,0
Lectoescritura,I.E Carlos Ríos Ríos (Nuevo Mundo),5to de Secundaria,Sesión de consolidación (miércoles y sábados),23,13jun2026,Textos narrativos II,,No hubo mucha asistencia ,.5,1.3333334,1,0,1,0,.043478262,0,1,0
Lectoescritura,I.E Carlos Ríos Ríos (Nuevo Mundo),5to de Secundaria,Sesión de consolidación (miércoles y sábados),23,27jun2026,Textos expositivos I,,Textos expositivos ,.91666669,1.3333334,3,3,0,0,.13043478,1,0,0
Lectoescritura,I.E Carlos Ríos Ríos (Nuevo Mundo),5to de Secundaria,Sesión de consolidación (miércoles y sábados),23,08jul2026,Textos expositivos II,,Se trabajaron textos expositivos,.9285714,1.3333334,7,7,0,0,.30434781,1,0,0
Lectoescritura,I.E Carlos Ríos Ríos (Nuevo Mundo),5to de Secundaria,Sesión de consolidación (miércoles y sábados),23,11jul2026,Textos argumentativos I,,Trabajar textos argumentativos,1,1.3333334,5,5,0,0,.2173913,1,0,0
Matemática,I.E Carlos Ríos Ríos (Nuevo Mundo),5to de Secundaria,Sesión de reforzamiento,23,07apr2026,Nivelación 0,,Pocos alumnos presentes ,.69999999,2.6666667,5,4,0,1,.2173913,.80000001,0,.2
Matemática,I.E Carlos Ríos Ríos (Nuevo Mundo),5to de Secundaria,Sesión de reforzamiento,23,10apr2026,Fracciones,,Pocos estudiantes en quinto ,.8125,2.6666667,4,4,0,0,.17391305,1,0,0
Matemática,I.E Carlos Ríos Ríos (Nuevo Mundo),5to de Secundaria,Sesión de reforzamiento,23,21apr2026,Operaciones con fracciones,,Poca asistencia los chicos se van al entrenamiento de fútbol ,.79166669,2.6666667,6,6,0,0,.26086956,1,0,0
Matemática,I.E Carlos Ríos Ríos (Nuevo Mundo),5to de Secundaria,Sesión de reforzamiento,23,24apr2026,Números decimales,,Me están supervisando los profesores el director y el tutor de quinto son dos contra uno 🥲,.95833331,2.6666667,7,6,0,0,.30434781,.85714287,0,0
Matemática,I.E Carlos Ríos Ríos (Nuevo Mundo),5to de Secundaria,Sesión de reforzamiento,23,05may2026,Porcentajes I,,Se mejoro la asistencia pero aún siguen faltando ,.8923077,2.6666667,13,13,0,0,.56521738,1,0,0
Matemática,I.E Carlos Ríos Ríos (Nuevo Mundo),5to de Secundaria,Sesión de reforzamiento,23,09may2026,Porcentajes II,,"Está mejorando la asistencia en NM, mis exit ticket están mojados ",.89999998,2.6666667,8,8,0,0,.34782609,1,0,0
Matemática,I.E Carlos Ríos Ríos (Nuevo Mundo),5to de Secundaria,Sesión de reforzamiento,23,02jun2026,Fracciones,Operaciones con fracciones,Pocos estudiantes ,.80000001,2.6666667,6,4,1,1,.26086956,.66666669,.16666667,.16666667
Matemática,I.E Carlos Ríos Ríos (Nuevo Mundo),5to de Secundaria,Sesión de reforzamiento,23,05jun2026,Proporciones,,0 estudiantes se tendrá que hacer el tema de proporción la semana que estoy en NM,,2.6666667,0,0,0,0,0,,,
Matemática,I.E Carlos Ríos Ríos (Nuevo Mundo),5to de Secundaria,Sesión de reforzamiento,23,15jun2026,Proporciones,,Grupo 1,.80000001,2.6666667,5,4,0,1,.2173913,.80000001,0,.2
Matemática,I.E Carlos Ríos Ríos (Nuevo Mundo),5to de Secundaria,Sesión de reforzamiento,23,16jun2026,Proporciones,,Grupo 1,.73333335,2.6666667,6,3,2,1,.26086956,.5,.33333334,.16666667
Matemática,I.E Carlos Ríos Ríos (Nuevo Mundo),5to de Secundaria,Sesión de reforzamiento,23,18jun2026,Nivelación 0,Proporciones,Hoy vinieron grupo 1 dos estudiantes pero tocaba grupo 2 igual les tome exit ticket diferentes al grupo 2 se les está enseñanando a sumar restar multiplicar y dividir,.81999999,2.6666667,5,4,1,0,.2173913,.80000001,.2,0
Matemática,I.E Carlos Ríos Ríos (Nuevo Mundo),5to de Secundaria,Sesión de reforzamiento,23,19jun2026,Fracciones,Proporciones,Se trabajó por grupos algunos enseñe fracciones s otros proporciones ya que de manera voluntaria vino los de grupo 1 y se les enseña de acuerdo a su nivel ,.83333331,2.6666667,8,5,0,1,.34782609,.625,0,.125
Matemática,I.E Carlos Ríos Ríos (Nuevo Mundo),5to de Secundaria,Sesión de reforzamiento,23,29jun2026,Números decimales,,Día feriado ,1,2.6666667,2,1,0,0,.086956523,.5,0,0
Matemática,I.E Carlos Ríos Ríos (Nuevo Mundo),5to de Secundaria,Sesión de reforzamiento,23,30jun2026,Porcentajes I,Porcentajes II,Grupo 1,.94999999,2.6666667,4,4,0,0,.17391305,1,0,0
Matemática,I.E Carlos Ríos Ríos (Nuevo Mundo),5to de Secundaria,Sesión de reforzamiento,23,02jul2026,Números decimales,,Grupo 2,1,2.6666667,5,4,0,0,.2173913,.80000001,0,0
Matemática,I.E Carlos Ríos Ríos (Nuevo Mundo),5to de Secundaria,Sesión de reforzamiento,23,03jul2026,Números decimales,Porcentajes I,Se les enseña de acuerdo a su asistencia y su nivel,.75,2.6666667,4,3,0,1,.17391305,.75,0,.25
Matemática,I.E Carlos Ríos Ríos (Nuevo Mundo),5to de Secundaria,Sesión de reforzamiento,23,13jul2026,Patrones y progresiones,,.,1,2.6666667,2,2,0,0,.086956523,1,0,0
Matemática,I.E Carlos Ríos Ríos (Nuevo Mundo),5to de Secundaria,Sesión de reforzamiento,23,14jul2026,Patrones y progresiones,Lenguaje algebraico y ecuaciones,.,.89999998,2.6666667,4,4,0,0,.17391305,1,0,0
Matemática,I.E Carlos Ríos Ríos (Nuevo Mundo),5to de Secundaria,Sesión de reforzamiento,23,16jul2026,Lenguaje algebraico y ecuaciones,Inecuaciones,.,.80000001,2.6666667,3,2,0,1,.13043478,.66666669,0,.33333334
Matemática,I.E Carlos Ríos Ríos (Nuevo Mundo),5to de Secundaria,Sesión de reforzamiento,23,17jul2026,Nivelación 0,Lenguaje algebraico y ecuaciones,.,.85714287,2.6666667,7,6,0,1,.30434781,.85714287,0,.14285715
Matemática,I.E Carlos Ríos Ríos (Nuevo Mundo),5to de Secundaria,Sesión de consolidación (miércoles y sábados),23,08apr2026,Nivelación 0,,Hoy no se tomo exit ticket,,1.3333334,5,0,0,0,.2173913,0,0,0
Matemática,I.E Carlos Ríos Ríos (Nuevo Mundo),5to de Secundaria,Sesión de consolidación (miércoles y sábados),23,11apr2026,Fracciones,,Pocos alumnos ,.69999999,1.3333334,5,4,1,0,.2173913,.80000001,.2,0
Matemática,I.E Carlos Ríos Ríos (Nuevo Mundo),5to de Secundaria,Sesión de consolidación (miércoles y sábados),23,22apr2026,Operaciones con fracciones,,Poca asistencia,.90625,1.3333334,8,8,0,0,.34782609,1,0,0
Matemática,I.E Carlos Ríos Ríos (Nuevo Mundo),5to de Secundaria,Sesión de consolidación (miércoles y sábados),23,25apr2026,Números decimales,,Pocos alumnos ,.75,1.3333334,1,1,0,0,.043478262,1,0,0
Matemática,I.E Carlos Ríos Ríos (Nuevo Mundo),5to de Secundaria,Sesión de consolidación (miércoles y sábados),23,06may2026,Porcentajes I,,Hoy una estudiante entre a mi clase pero se fue cuando estaba escribiendo en la pizarra ,1,1.3333334,3,3,0,0,.13043478,1,0,0
Matemática,I.E Carlos Ríos Ríos (Nuevo Mundo),5to de Secundaria,Sesión de consolidación (miércoles y sábados),23,03jun2026,Fracciones,Operaciones con fracciones,Solo se trabajo una hora (tenían clase de ética) muy poco tiempo para tantos estudiantes,.44999999,1.3333334,4,1,0,3,.17391305,.25,0,.75
Matemática,I.E Carlos Ríos Ríos (Nuevo Mundo),5to de Secundaria,Sesión de consolidación (miércoles y sábados),23,06jun2026,Fracciones,Operaciones con fracciones,0 estudiantes de 5to,,1.3333334,0,0,0,0,0,,,
Matemática,I.E Carlos Ríos Ríos (Nuevo Mundo),5to de Secundaria,Sesión de consolidación (miércoles y sábados),23,17jun2026,Proporciones,,Se fue la luz cinco minutos antes de que terminen su exit ticket y ya era noche,.85714287,1.3333334,7,6,1,0,.30434781,.85714287,.14285715,0
Matemática,I.E Carlos Ríos Ríos (Nuevo Mundo),5to de Secundaria,Sesión de consolidación (miércoles y sábados),23,20jun2026,Fracciones,Porcentajes I,Llovió muy fuerte a las 10:00 am . Se le enseño de acuerdo a su nivel a cada estudiante ,1,1.3333334,3,3,0,0,.13043478,1,0,0
Matemática,I.E Carlos Ríos Ríos (Nuevo Mundo),5to de Secundaria,Sesión de consolidación (miércoles y sábados),23,01jul2026,Patrones y progresiones,,Se trabajó con el grupo 1,.63999999,1.3333334,5,2,1,2,.2173913,.40000001,.2,.40000001
Matemática,I.E Carlos Ríos Ríos (Nuevo Mundo),5to de Secundaria,Sesión de consolidación (miércoles y sábados),23,04jul2026,Números decimales,,Se les enseña de acuerdo a su nivel ,1,1.3333334,2,2,0,0,.086956523,1,0,0
Matemática,I.E Carlos Ríos Ríos (Nuevo Mundo),5to de Secundaria,Sesión de consolidación (miércoles y sábados),23,15jul2026,Proporciones,Patrones y progresiones,.,.80000001,1.3333334,8,6,2,0,.34782609,.75,.25,0
Matemática,I.E Carlos Ríos Ríos (Nuevo Mundo),5to de Secundaria,Sesión de consolidación (miércoles y sábados),23,18jul2026,Lenguaje algebraico y ecuaciones,,.,.74285716,1.3333334,7,4,1,2,.30434781,.5714286,.14285715,.2857143
Lectoescritura,I.E Monseñor Javier Aris Huarte (Kirigueti),4to de Secundaria,Sesión de reforzamiento,23,06apr2026,Textos descriptivos,Textos instructivos,,.61842108,2.6666667,19,14,2,3,.82608694,.7368421,.10526316,.15789473
Lectoescritura,I.E Monseñor Javier Aris Huarte (Kirigueti),4to de Secundaria,Sesión de reforzamiento,22,07apr2026,Textos descriptivos,Textos instructivos,,.55263156,2.6666667,19,9,7,3,.86363637,.47368422,.36842105,.15789473
Lectoescritura,I.E Monseñor Javier Aris Huarte (Kirigueti),4to de Secundaria,Sesión de reforzamiento,23,20apr2026,Textos narrativos I,,No,.65384614,2.6666667,13,10,2,1,.56521738,.76923078,.15384616,.07692308
Lectoescritura,I.E Monseñor Javier Aris Huarte (Kirigueti),4to de Secundaria,Sesión de reforzamiento,22,21apr2026,Textos narrativos I,,\nJimmy Dominguez,.5,2.6666667,17,4,9,3,.77272725,.23529412,.52941179,.17647059
Lectoescritura,I.E Monseñor Javier Aris Huarte (Kirigueti),4to de Secundaria,Sesión de reforzamiento,23,04may2026,Textos narrativos II,,Corregir la lista y agregar a Angie Sugastizabal,.41666666,2.6666667,18,2,8,8,.78260869,.11111111,.44444445,.44444445
Lectoescritura,I.E Monseñor Javier Aris Huarte (Kirigueti),4to de Secundaria,Sesión de reforzamiento,22,05may2026,Textos narrativos II,,Ninguno,.578125,2.6666667,16,5,9,2,.72727275,.3125,.5625,.125
Lectoescritura,I.E Monseñor Javier Aris Huarte (Kirigueti),4to de Secundaria,Sesión de reforzamiento,22,01jun2026,Textos narrativos III,,Se inició el horario de 4to A y B juntos (hubo baja asistencia). Se trabajó el tema de textos narrativos y un repaso general de los temas aprendidos hasta el momento,.68888891,2.6666667,10,6,0,3,.45454547,.60000002,0,.30000001
Lectoescritura,I.E Monseñor Javier Aris Huarte (Kirigueti),4to de Secundaria,Sesión de reforzamiento,23,01jun2026,Textos narrativos III,,Se inició el horario de 4to A y B juntos (hubo baja asistencia) se trabajo el tema de textos narrativos y un repaso general de los temas aprendidos hasta el momento ,.74000001,2.6666667,11,7,1,2,.47826087,.63636363,.090909094,.18181819
Lectoescritura,I.E Monseñor Javier Aris Huarte (Kirigueti),4to de Secundaria,Sesión de reforzamiento,22,02jun2026,Textos narrativos III,,"Se volvió a hacer el repaso sobre textos narrativos. En la clase trabajamos con tres diferentes tipos de textos narrativos en grupos y se observó que todavía hay que fortalecer el cómo identificar la idea principal de un texto, inferencia y reflexión ",.30000001,2.6666667,9,0,2,6,.40909091,0,.22222222,.66666669
Lectoescritura,I.E Monseñor Javier Aris Huarte (Kirigueti),4to de Secundaria,Sesión de reforzamiento,23,02jun2026,Textos narrativos III,,"Se trabajó nuevamente textos narrativos. Sin embargo debe continuarse con el tema ya que hay que fortalecer lo que es identificar las ideas principales de un texto, inferencia y reflexión",.52500004,2.6666667,13,0,5,3,.56521738,0,.38461539,.23076923
Lectoescritura,I.E Monseñor Javier Aris Huarte (Kirigueti),4to de Secundaria,Sesión de reforzamiento,22,15jun2026,Textos expositivos I,,Se trabajó textos expositivos,.33333334,2.6666667,6,1,2,3,.27272728,.16666667,.33333334,.5
Lectoescritura,I.E Monseñor Javier Aris Huarte (Kirigueti),4to de Secundaria,Sesión de reforzamiento,23,15jun2026,Textos expositivos I,,Se trabajó textos expositivos,.4642857,2.6666667,14,4,2,8,.60869563,.2857143,.14285715,.5714286
Lectoescritura,I.E Monseñor Javier Aris Huarte (Kirigueti),4to de Secundaria,Sesión de reforzamiento,22,16jun2026,Textos expositivos I,,Textos expositivos ,.70769233,2.6666667,13,9,2,2,.59090906,.69230771,.15384616,.15384616
Lectoescritura,I.E Monseñor Javier Aris Huarte (Kirigueti),4to de Secundaria,Sesión de reforzamiento,23,16jun2026,Textos expositivos I,,Textos expositivos ,.8142857,2.6666667,14,10,3,1,.60869563,.71428573,.21428572,.071428575
Lectoescritura,I.E Monseñor Javier Aris Huarte (Kirigueti),4to de Secundaria,Sesión de reforzamiento,22,30jun2026,Textos expositivos II,,Se aumentó la dificultad en los exit ticket,.30000001,2.6666667,10,1,2,7,.45454547,.1,.2,.69999999
Lectoescritura,I.E Monseñor Javier Aris Huarte (Kirigueti),4to de Secundaria,Sesión de reforzamiento,23,30jun2026,Textos expositivos II,,Te aumentó la dificultad en el éxito ticket,.31818181,2.6666667,13,1,2,8,.56521738,.07692308,.15384616,.61538464
Lectoescritura,I.E Monseñor Javier Aris Huarte (Kirigueti),4to de Secundaria,Sesión de reforzamiento,22,13jul2026,Textos argumentativos I,,Se trabajaron textos argumentativos,.77777779,2.6666667,9,6,1,2,.40909091,.66666669,.11111111,.22222222
Lectoescritura,I.E Monseñor Javier Aris Huarte (Kirigueti),4to de Secundaria,Sesión de reforzamiento,23,13jul2026,Textos expositivos I,,Se trabajaron textos argumentativos,.84000003,2.6666667,10,8,1,1,.43478259,.80000001,.1,.1
Lectoescritura,I.E Monseñor Javier Aris Huarte (Kirigueti),4to de Secundaria,Sesión de reforzamiento,22,14jul2026,Textos argumentativos I,,Se trabajaron textos argumentativos,.63999999,2.6666667,5,2,2,1,.22727273,.40000001,.40000001,.2
Lectoescritura,I.E Monseñor Javier Aris Huarte (Kirigueti),4to de Secundaria,Sesión de reforzamiento,23,14jul2026,Textos argumentativos I,,Se trabajaron textos argumentativos,.72000003,2.6666667,15,9,2,4,.65217394,.60000002,.13333334,.26666668
Lectoescritura,I.E Monseñor Javier Aris Huarte (Kirigueti),4to de Secundaria,Sesión de consolidación (miércoles y sábados),22,08apr2026,Textos descriptivos,Textos instructivos,Ninguno,.52499998,1.3333334,11,1,9,0,.5,.090909094,.81818181,0
Lectoescritura,I.E Monseñor Javier Aris Huarte (Kirigueti),4to de Secundaria,Sesión de consolidación (miércoles y sábados),23,08apr2026,Textos descriptivos,Textos instructivos,Ninguno,.5,1.3333334,6,0,6,0,.26086956,0,1,0
Lectoescritura,I.E Monseñor Javier Aris Huarte (Kirigueti),4to de Secundaria,Sesión de consolidación (miércoles y sábados),22,22apr2026,Textos narrativos I,,Ninguno,.64999998,1.3333334,5,3,2,0,.22727273,.60000002,.40000001,0
Lectoescritura,I.E Monseñor Javier Aris Huarte (Kirigueti),4to de Secundaria,Sesión de consolidación (miércoles y sábados),23,22apr2026,Textos narrativos I,,Ninguno,.65909094,1.3333334,11,7,4,0,.47826087,.63636363,.36363637,0
Lectoescritura,I.E Monseñor Javier Aris Huarte (Kirigueti),4to de Secundaria,Sesión de consolidación (miércoles y sábados),22,06may2026,Textos narrativos II,,Ninguno,.6388889,1.3333334,9,5,4,0,.40909091,.55555558,.44444445,0
Lectoescritura,I.E Monseñor Javier Aris Huarte (Kirigueti),4to de Secundaria,Sesión de consolidación (miércoles y sábados),23,06may2026,Textos narrativos II,,Ninguno,.625,1.3333334,14,6,8,0,.60869563,.42857143,.5714286,0
Lectoescritura,I.E Monseñor Javier Aris Huarte (Kirigueti),4to de Secundaria,Sesión de consolidación (miércoles y sábados),22,03jun2026,Textos narrativos III,,Se trabajó textos narrativos ,.42857143,1.3333334,8,2,1,4,.36363637,.25,.125,.5
Lectoescritura,I.E Monseñor Javier Aris Huarte (Kirigueti),4to de Secundaria,Sesión de consolidación (miércoles y sábados),23,03jun2026,Textos narrativos III,,Se trabajaron textos narrativos e identificación de idea principal,.45454547,1.3333334,13,2,6,3,.56521738,.15384616,.46153846,.23076923
Lectoescritura,I.E Monseñor Javier Aris Huarte (Kirigueti),4to de Secundaria,Sesión de consolidación (miércoles y sábados),22,17jun2026,Textos expositivos I,,Textos expositivos ,.66666669,1.3333334,12,7,2,3,.54545456,.58333331,.16666667,.25
Lectoescritura,I.E Monseñor Javier Aris Huarte (Kirigueti),4to de Secundaria,Sesión de consolidación (miércoles y sábados),23,17jun2026,Textos expositivos I,,Textos expositivos ,.73750001,1.3333334,16,12,1,3,.69565219,.75,.0625,.1875
Lectoescritura,I.E Monseñor Javier Aris Huarte (Kirigueti),4to de Secundaria,Sesión de consolidación (miércoles y sábados),22,01jul2026,Textos expositivos II,,Textos expositivos ,.6388889,1.3333334,9,5,3,1,.40909091,.55555558,.33333334,.11111111
Lectoescritura,I.E Monseñor Javier Aris Huarte (Kirigueti),4to de Secundaria,Sesión de consolidación (miércoles y sábados),23,01jul2026,Textos expositivos II,,Se avanzó textos expositivos ,.73333335,1.3333334,15,10,1,4,.65217394,.66666669,.06666667,.26666668
Lectoescritura,I.E Monseñor Javier Aris Huarte (Kirigueti),4to de Secundaria,Sesión de consolidación (miércoles y sábados),22,15jul2026,Textos argumentativos I,,Se ha trabajado en textos argumentativos,.75999999,1.3333334,5,3,1,1,.22727273,.60000002,.2,.2
Lectoescritura,I.E Monseñor Javier Aris Huarte (Kirigueti),4to de Secundaria,Sesión de consolidación (miércoles y sábados),23,15jul2026,Textos argumentativos I,,Se trabajaron textos argumentativos,.76666665,1.3333334,12,7,3,2,.52173913,.58333331,.25,.16666667
Matemática,I.E Monseñor Javier Aris Huarte (Kirigueti),4to de Secundaria,Sesión de reforzamiento,23,13apr2026,Nivelación 0,,Ya se va acabar el agua,.5,2.6666667,16,7,3,6,.69565219,.4375,.1875,.375
Matemática,I.E Monseñor Javier Aris Huarte (Kirigueti),4to de Secundaria,Sesión de reforzamiento,22,14apr2026,Nivelación 0,,Alumno de tercero Martin Quispe Yavireri Intisol (exit ticket 4),.6388889,2.6666667,18,10,4,4,.81818181,.55555558,.22222222,.22222222
Matemática,I.E Monseñor Javier Aris Huarte (Kirigueti),4to de Secundaria,Sesión de reforzamiento,23,27apr2026,Fracciones,Operaciones con fracciones,No sé encuentra en la lista la alumna. Zagastizabal Priale Jhulia Angie,.76785713,2.6666667,14,12,1,1,.60869563,.85714287,.071428575,.071428575
Matemática,I.E Monseñor Javier Aris Huarte (Kirigueti),4to de Secundaria,Sesión de reforzamiento,22,28apr2026,Fracciones,Operaciones con fracciones,Hoy compré vasos para que lo s chicos tomen agua ya que en Kirigueti cuando llegué no había y pregunté a Luis y Lucero pero no sabían lo que había pasado.,.765625,2.6666667,16,13,1,2,.72727275,.8125,.0625,.125
Matemática,I.E Monseñor Javier Aris Huarte (Kirigueti),4to de Secundaria,Sesión de reforzamiento,23,11may2026,Números decimales,Porcentajes I,Tengo una estudiante de 4to B creo que vino voluntariamente ,.84285712,2.6666667,14,12,1,1,.60869563,.85714287,.071428575,.071428575
Matemática,I.E Monseñor Javier Aris Huarte (Kirigueti),4to de Secundaria,Sesión de reforzamiento,22,12may2026,Números decimales,Porcentajes I,Está bajando la asistencia ,.60000002,2.6666667,12,6,1,5,.54545456,.5,.083333336,.41666666
Matemática,I.E Monseñor Javier Aris Huarte (Kirigueti),4to de Secundaria,Sesión de reforzamiento,22,08jun2026,Porcentajes I,,Identificó que hay varios chicos que necesitan más ayuda personal pero como son tantos ya no se puede hacer mucho ,.54285717,2.6666667,14,5,2,7,.63636363,.35714287,.14285715,.5
Matemática,I.E Monseñor Javier Aris Huarte (Kirigueti),4to de Secundaria,Sesión de reforzamiento,23,08jun2026,Porcentajes I,,Los de Misión están mal solo vinieron algunos ,.76363635,2.6666667,11,8,1,2,.47826087,.72727275,.090909094,.18181819
Matemática,I.E Monseñor Javier Aris Huarte (Kirigueti),4to de Secundaria,Sesión de reforzamiento,22,09jun2026,Porcentajes I,Porcentajes II,En misión están enfermos por eso no vinieron ,.54166669,2.6666667,12,5,3,4,.54545456,.41666666,.25,.33333334
Matemática,I.E Monseñor Javier Aris Huarte (Kirigueti),4to de Secundaria,Sesión de reforzamiento,23,09jun2026,Porcentajes I,Porcentajes II,Están enfermos en la misión por eso pocos estudiantes ,.6111111,2.6666667,9,4,4,1,.39130434,.44444445,.44444445,.11111111
Matemática,I.E Monseñor Javier Aris Huarte (Kirigueti),4to de Secundaria,Sesión de reforzamiento,22,22jun2026,Números decimales,,No hubo agua,.77142859,2.6666667,7,5,2,0,.31818181,.71428573,.2857143,0
Matemática,I.E Monseñor Javier Aris Huarte (Kirigueti),4to de Secundaria,Sesión de reforzamiento,23,22jun2026,Números decimales,,No había agua,.71428573,2.6666667,7,4,2,1,.30434781,.5714286,.2857143,.14285715
Matemática,I.E Monseñor Javier Aris Huarte (Kirigueti),4to de Secundaria,Sesión de reforzamiento,22,23jun2026,Proporciones,,Víspera de San Juan ,.58181822,2.6666667,11,4,4,3,.5,.36363637,.36363637,.27272728
Matemática,I.E Monseñor Javier Aris Huarte (Kirigueti),4to de Secundaria,Sesión de reforzamiento,23,23jun2026,Proporciones,,Vísperas de San Juan muchos están en esa actividad y faltaron ,.75,2.6666667,13,8,2,2,.56521738,.61538464,.15384616,.15384616
Matemática,I.E Monseñor Javier Aris Huarte (Kirigueti),4to de Secundaria,Sesión de reforzamiento,22,07jul2026,Proporciones,,.,.48571429,2.6666667,7,2,1,4,.31818181,.2857143,.14285715,.5714286
Matemática,I.E Monseñor Javier Aris Huarte (Kirigueti),4to de Secundaria,Sesión de reforzamiento,23,07jul2026,Proporciones,,.,.61428571,2.6666667,14,7,2,5,.60869563,.5,.14285715,.35714287
Matemática,I.E Monseñor Javier Aris Huarte (Kirigueti),4to de Secundaria,Sesión de reforzamiento,22,08jul2026,Proporciones,,.,.64999998,2.6666667,8,4,0,4,.36363637,.5,0,.5
Matemática,I.E Monseñor Javier Aris Huarte (Kirigueti),4to de Secundaria,Sesión de reforzamiento,23,08jul2026,Proporciones,,.,.67500001,2.6666667,16,8,3,5,.69565219,.5,.1875,.3125
Matemática,I.E Monseñor Javier Aris Huarte (Kirigueti),4to de Secundaria,Sesión de consolidación (miércoles y sábados),22,15apr2026,Nivelación 0,,"Hay chicos que no saben sumar, necesito estrategias para hacer que pasen La valla ",.58333331,1.3333334,3,1,2,0,.13636364,.33333334,.66666669,0
Matemática,I.E Monseñor Javier Aris Huarte (Kirigueti),4to de Secundaria,Sesión de consolidación (miércoles y sábados),23,15apr2026,Nivelación 0,,"La valla de 80% me parece mucho, la realidad de los chicos es diferente hay chicos que no saben sumar y si me dicen as dos clases diferentes en el mismo aula está raro, nunca ví hacer algo así, necesito un pedagogo que me diga algunas estrategias🥲",.70454544,1.3333334,11,8,2,1,.47826087,.72727275,.18181819,.090909094
Matemática,I.E Monseñor Javier Aris Huarte (Kirigueti),4to de Secundaria,Sesión de consolidación (miércoles y sábados),22,29apr2026,Fracciones,Operaciones con fracciones,El alumno: Domínguez Ortega Jimmy Joel agregar a la lista,.71428573,1.3333334,7,6,1,0,.31818181,.85714287,.14285715,0
Matemática,I.E Monseñor Javier Aris Huarte (Kirigueti),4to de Secundaria,Sesión de consolidación (miércoles y sábados),23,29apr2026,Fracciones,Operaciones con fracciones,Hay mucho trabajo que hacer los chicos sin ayuda no pueden pero ya dieron el inicio al aprendizaje ,.79166669,1.3333334,12,11,0,1,.52173913,.91666669,0,.083333336
Matemática,I.E Monseñor Javier Aris Huarte (Kirigueti),4to de Secundaria,Sesión de consolidación (miércoles y sábados),22,13may2026,Números decimales,Porcentajes I,No hay luz y se cambió el horario ,.93333334,1.3333334,6,5,1,0,.27272728,.83333331,.16666667,0
Matemática,I.E Monseñor Javier Aris Huarte (Kirigueti),4to de Secundaria,Sesión de consolidación (miércoles y sábados),23,13may2026,Números decimales,Porcentajes I,No hubo luz en la comunidad 2 días ,.73333335,1.3333334,3,2,1,0,.13043478,.66666669,.33333334,0
Matemática,I.E Monseñor Javier Aris Huarte (Kirigueti),4to de Secundaria,Sesión de consolidación (miércoles y sábados),22,10jun2026,Porcentajes I,Porcentajes II,Están enfermos en misión ,.71428573,1.3333334,7,3,4,0,.31818181,.42857143,.5714286,0
Matemática,I.E Monseñor Javier Aris Huarte (Kirigueti),4to de Secundaria,Sesión de consolidación (miércoles y sábados),23,10jun2026,Porcentajes I,Porcentajes II,Están enfermos en misión faltaron varios ,.84444445,1.3333334,9,7,1,1,.39130434,.77777779,.11111111,.11111111
Lectoescritura,I.E Monseñor Javier Aris Huarte (Kirigueti),5to de Secundaria,Sesión de reforzamiento,22,09apr2026,Textos descriptivos,Textos instructivos,No,.66666669,2.6666667,18,13,4,1,.81818181,.72222221,.22222222,.055555556
Lectoescritura,I.E Monseñor Javier Aris Huarte (Kirigueti),5to de Secundaria,Sesión de reforzamiento,21,10apr2026,Textos descriptivos,Textos instructivos,No,.53333336,2.6666667,15,7,3,5,.71428573,.46666667,.2,.33333334
Lectoescritura,I.E Monseñor Javier Aris Huarte (Kirigueti),5to de Secundaria,Sesión de reforzamiento,22,23apr2026,Textos narrativos I,,Borrar a Cleida y Judith porque ya no estan matriculadas,.51785713,2.6666667,14,4,6,4,.63636363,.2857143,.42857143,.2857143
Lectoescritura,I.E Monseñor Javier Aris Huarte (Kirigueti),5to de Secundaria,Sesión de reforzamiento,21,24apr2026,Textos narrativos I,,Ninguno,.56944442,2.6666667,18,8,6,4,.85714287,.44444445,.33333334,.22222222
Lectoescritura,I.E Monseñor Javier Aris Huarte (Kirigueti),5to de Secundaria,Sesión de reforzamiento,22,07may2026,Textos narrativos II,,Ninguno,.58181822,2.6666667,11,4,3,4,.5,.36363637,.27272728,.36363637
Lectoescritura,I.E Monseñor Javier Aris Huarte (Kirigueti),5to de Secundaria,Sesión de reforzamiento,21,09may2026,Textos narrativos II,Textos narrativos III,Ninguno,.68000001,2.6666667,15,8,3,4,.71428573,.53333336,.2,.26666668
Lectoescritura,I.E Monseñor Javier Aris Huarte (Kirigueti),5to de Secundaria,Sesión de reforzamiento,21,04jun2026,Textos narrativos III,,Se trabajó textos narrativos ,.36363637,2.6666667,11,2,3,6,.52380955,.18181819,.27272728,.54545456
Lectoescritura,I.E Monseñor Javier Aris Huarte (Kirigueti),5to de Secundaria,Sesión de reforzamiento,22,04jun2026,Textos narrativos III,,Trabajamos un repaso de textos narrativos ,.33333334,2.6666667,12,2,3,7,.54545456,.16666667,.25,.58333331
Lectoescritura,I.E Monseñor Javier Aris Huarte (Kirigueti),5to de Secundaria,Sesión de reforzamiento,21,05jun2026,Textos narrativos III,,Ninguno,.734375,2.6666667,16,12,2,2,.76190478,.75,.125,.125
Lectoescritura,I.E Monseñor Javier Aris Huarte (Kirigueti),5to de Secundaria,Sesión de reforzamiento,22,05jun2026,Textos narrativos III,,Ninguno,.66666669,2.6666667,9,5,2,2,.40909091,.55555558,.22222222,.22222222
Lectoescritura,I.E Monseñor Javier Aris Huarte (Kirigueti),5to de Secundaria,Sesión de reforzamiento,21,18jun2026,Textos expositivos I,,Textos expositivos ,.55555558,2.6666667,9,3,2,4,.42857143,.33333334,.22222222,.44444445
Lectoescritura,I.E Monseñor Javier Aris Huarte (Kirigueti),5to de Secundaria,Sesión de reforzamiento,22,18jun2026,Textos expositivos I,,Textos expositivos ,.69999999,2.6666667,4,3,0,1,.18181819,.75,0,.25
Lectoescritura,I.E Monseñor Javier Aris Huarte (Kirigueti),5to de Secundaria,Sesión de reforzamiento,21,19jun2026,Textos expositivos I,,Textos expositivos ,.85000002,2.6666667,17,14,2,0,.80952382,.82352942,.11764706,0
Lectoescritura,I.E Monseñor Javier Aris Huarte (Kirigueti),5to de Secundaria,Sesión de reforzamiento,22,19jun2026,Textos expositivos I,,Textos expositivos ,.82222223,2.6666667,9,8,0,1,.40909091,.8888889,0,.11111111
Lectoescritura,I.E Monseñor Javier Aris Huarte (Kirigueti),5to de Secundaria,Sesión de reforzamiento,22,02jul2026,Textos expositivos II,,Hubo una mayor cantidad de faltas por decoración del día del maestro,.6111111,2.6666667,6,2,1,3,.27272728,.33333334,.16666667,.5
Lectoescritura,I.E Monseñor Javier Aris Huarte (Kirigueti),5to de Secundaria,Sesión de reforzamiento,21,03jul2026,Textos expositivos II,,Hubo mayor cantidad de asistencia por decoración del día del maestro,.69444448,2.6666667,24,12,6,6,1.1428572,.5,.25,.25
Lectoescritura,I.E Monseñor Javier Aris Huarte (Kirigueti),5to de Secundaria,Sesión de reforzamiento,22,03jul2026,Textos expositivos II,,Se trabajaron textos expositivos,.73214287,2.6666667,14,11,2,1,.63636363,.78571427,.14285715,.071428575
Lectoescritura,I.E Monseñor Javier Aris Huarte (Kirigueti),5to de Secundaria,Sesión de reforzamiento,21,16jul2026,Textos argumentativos I,,Textos argumentativos ,.61666667,2.6666667,12,5,3,4,.5714286,.41666666,.25,.33333334
Lectoescritura,I.E Monseñor Javier Aris Huarte (Kirigueti),5to de Secundaria,Sesión de reforzamiento,22,16jul2026,Textos argumentativos I,,Se trabajaron textos argumentativos ,.5,2.6666667,8,1,3,4,.36363637,.125,.375,.5
Lectoescritura,I.E Monseñor Javier Aris Huarte (Kirigueti),5to de Secundaria,Sesión de reforzamiento,21,17jul2026,Textos argumentativos I,,Textos argumentativos ,.72727275,2.6666667,11,7,3,1,.52380955,.63636363,.27272728,.090909094
Lectoescritura,I.E Monseñor Javier Aris Huarte (Kirigueti),5to de Secundaria,Sesión de reforzamiento,22,17jul2026,Textos argumentativos I,,Textos argumentativos ,.78571427,2.6666667,7,6,0,1,.31818181,.85714287,0,.14285715
Lectoescritura,I.E Monseñor Javier Aris Huarte (Kirigueti),5to de Secundaria,Sesión de consolidación (miércoles y sábados),21,11apr2026,Textos descriptivos,Textos instructivos,Ninguna,.5,1.3333334,6,0,5,0,.2857143,0,.83333331,0
Lectoescritura,I.E Monseñor Javier Aris Huarte (Kirigueti),5to de Secundaria,Sesión de consolidación (miércoles y sábados),21,25apr2026,Textos narrativos I,,Ninguno,.58333331,1.3333334,9,4,4,1,.42857143,.44444445,.44444445,.11111111
Lectoescritura,I.E Monseñor Javier Aris Huarte (Kirigueti),5to de Secundaria,Sesión de consolidación (miércoles y sábados),22,25apr2026,Textos narrativos I,,Ninguno,.5625,1.3333334,5,1,3,0,.22727273,.2,.60000002,0
Lectoescritura,I.E Monseñor Javier Aris Huarte (Kirigueti),5to de Secundaria,Sesión de consolidación (miércoles y sábados),21,06jun2026,Textos narrativos III,,"La mayor parte de la clase se hizo un repaso sobre la ubicación de la sílaba tónica,, ya que muchos estudiantes al momento de la producción de textos colocaban tildes donde consideraban ",.53571427,1.3333334,14,5,6,3,.66666669,.35714287,.42857143,.21428572
Lectoescritura,I.E Monseñor Javier Aris Huarte (Kirigueti),5to de Secundaria,Sesión de consolidación (miércoles y sábados),22,06jun2026,Textos narrativos III,,"La mayor parte de la clase se terminó haciendo un repaso sobre la ubicación de la sílaba tónica ya que muchos al momento de la producción de textos, colocaban tildes donde consideraban. ",.40000001,1.3333334,10,2,2,6,.45454547,.2,.2,.60000002
Lectoescritura,I.E Monseñor Javier Aris Huarte (Kirigueti),5to de Secundaria,Sesión de consolidación (miércoles y sábados),21,20jun2026,Textos expositivos I,,Textos expositivos ,.58333331,1.3333334,12,6,1,5,.5714286,.5,.083333336,.41666666
Lectoescritura,I.E Monseñor Javier Aris Huarte (Kirigueti),5to de Secundaria,Sesión de consolidación (miércoles y sábados),22,20jun2026,Textos expositivos I,,Textos expositivos ,.75999999,1.3333334,5,3,1,1,.22727273,.60000002,.2,.2
Lectoescritura,I.E Monseñor Javier Aris Huarte (Kirigueti),5to de Secundaria,Sesión de consolidación (miércoles y sábados),21,04jul2026,Textos expositivos II,,Textos expositivos ,.85000002,1.3333334,10,8,0,2,.47619048,.80000001,0,.2
Lectoescritura,I.E Monseñor Javier Aris Huarte (Kirigueti),5to de Secundaria,Sesión de consolidación (miércoles y sábados),22,04jul2026,Textos expositivos II,,Textos expositivos ,.55000001,1.3333334,10,3,4,3,.45454547,.30000001,.40000001,.30000001
Matemática,I.E Monseñor Javier Aris Huarte (Kirigueti),5to de Secundaria,Sesión de reforzamiento,22,16apr2026,Nivelación 0,,"Pasar La valla está difícil, para pasar la valla tendría que tomar un exit ticket  de suma",.75,2.6666667,8,6,1,1,.36363637,.75,.125,.125
Matemática,I.E Monseñor Javier Aris Huarte (Kirigueti),5to de Secundaria,Sesión de reforzamiento,21,17apr2026,Nivelación 0,,"Esta difícil pasar la valla, necesito un pedagogo de 10 años de experiencia que me de estratégias de  cómo debo afrontar esta situación🥲",.7361111,2.6666667,18,13,4,1,.85714287,.72222221,.22222222,.055555556
Matemática,I.E Monseñor Javier Aris Huarte (Kirigueti),5to de Secundaria,Sesión de reforzamiento,22,30apr2026,Fracciones,Operaciones con fracciones,71801527,.86666667,2.6666667,15,15,0,0,.68181819,1,0,0
Matemática,I.E Monseñor Javier Aris Huarte (Kirigueti),5to de Secundaria,Sesión de reforzamiento,21,01may2026,Fracciones,Operaciones con fracciones,Feriado colegio cerrado ,,2.6666667,0,0,0,0,0,,,
Matemática,I.E Monseñor Javier Aris Huarte (Kirigueti),5to de Secundaria,Sesión de reforzamiento,21,02may2026,Fracciones,Operaciones con fracciones,Sesión de recuperación 5to B,.83333331,2.6666667,15,15,0,0,.71428573,1,0,0
Matemática,I.E Monseñor Javier Aris Huarte (Kirigueti),5to de Secundaria,Sesión de reforzamiento,22,14may2026,Números decimales,Porcentajes I,Dos estudiantes se fueron después del recreo uno es Levi y el otro me dijeron que se llama Nolber pero no lo encuentro a este último ,.84444445,2.6666667,10,9,0,0,.45454547,.89999998,0,0
Matemática,I.E Monseñor Javier Aris Huarte (Kirigueti),5to de Secundaria,Sesión de reforzamiento,21,15may2026,Números decimales,Porcentajes I,Hoy se dió la clase usando el proyector ,.61666667,2.6666667,13,6,2,4,.61904764,.46153846,.15384616,.30769232
Matemática,I.E Monseñor Javier Aris Huarte (Kirigueti),5to de Secundaria,Sesión de reforzamiento,21,11jun2026,Porcentajes I,,No hay luz y no hay impresora ,.61538464,2.6666667,13,6,2,5,.61904764,.46153846,.15384616,.38461539
Matemática,I.E Monseñor Javier Aris Huarte (Kirigueti),5to de Secundaria,Sesión de reforzamiento,22,11jun2026,Porcentajes I,,No hay luz y no hay impresora ,.75,2.6666667,12,7,4,1,.54545456,.58333331,.33333334,.083333336
Matemática,I.E Monseñor Javier Aris Huarte (Kirigueti),5to de Secundaria,Sesión de reforzamiento,21,12jun2026,Porcentajes I,Porcentajes II,No hay luz ni impresora tengo que ir al local y ni hay tinta ,.55000001,2.6666667,13,4,1,7,.61904764,.30769232,.07692308,.53846157
Matemática,I.E Monseñor Javier Aris Huarte (Kirigueti),5to de Secundaria,Sesión de reforzamiento,22,12jun2026,Porcentajes I,Porcentajes II,No hay luz ni impresora este día fue muy incómodo a los chicos nos di su ficha solo trabajé por grupos ,.55000001,2.6666667,12,3,3,6,.54545456,.25,.25,.5
Matemática,I.E Monseñor Javier Aris Huarte (Kirigueti),5to de Secundaria,Sesión de reforzamiento,21,25jun2026,Proporciones,,Solo faltaron 2 estudiantes de 5to B ,.72941178,2.6666667,17,11,2,4,.80952382,.64705884,.11764706,.23529412
Matemática,I.E Monseñor Javier Aris Huarte (Kirigueti),5to de Secundaria,Sesión de reforzamiento,22,25jun2026,Proporciones,,Dos estudiantes salieron temprano por un trabajo del colegio ,.6857143,2.6666667,9,3,2,2,.40909091,.33333334,.22222222,.22222222
Matemática,I.E Monseñor Javier Aris Huarte (Kirigueti),5to de Secundaria,Sesión de reforzamiento,21,26jun2026,Proporciones,,Asistieron 4 estudiantes de 4to,.77142859,2.6666667,14,9,2,3,.66666669,.64285713,.14285715,.21428572
Matemática,I.E Monseñor Javier Aris Huarte (Kirigueti),5to de Secundaria,Sesión de reforzamiento,22,26jun2026,Proporciones,,"Algunos estudiantes necesitan mucho apoyo, considero que ellos son los más perjudicados al estar con muchos estudiantes ",.60000002,2.6666667,12,3,5,3,.54545456,.25,.41666666,.25
Matemática,I.E Monseñor Javier Aris Huarte (Kirigueti),5to de Secundaria,Sesión de reforzamiento,21,09jul2026,Proporciones,,.,.78571427,2.6666667,14,10,2,2,.66666669,.71428573,.14285715,.14285715
Matemática,I.E Monseñor Javier Aris Huarte (Kirigueti),5to de Secundaria,Sesión de reforzamiento,22,09jul2026,Proporciones,,.,.73333335,2.6666667,9,4,4,1,.40909091,.44444445,.44444445,.11111111
Matemática,I.E Monseñor Javier Aris Huarte (Kirigueti),5to de Secundaria,Sesión de reforzamiento,21,10jul2026,Patrones y progresiones,,Asistió una estudiante de 4to B Delia ,.76666665,2.6666667,13,7,3,2,.61904764,.53846157,.23076923,.15384616
Matemática,I.E Monseñor Javier Aris Huarte (Kirigueti),5to de Secundaria,Sesión de reforzamiento,22,10jul2026,Patrones y progresiones,,Asisio una estudiante de 4to Bb Moka Mañari Delia,.80000001,2.6666667,9,7,1,1,.40909091,.77777779,.11111111,.11111111
Matemática,I.E Monseñor Javier Aris Huarte (Kirigueti),5to de Secundaria,Sesión de consolidación (miércoles y sábados),21,18apr2026,Nivelación 0,,Todos sacaron 4 pero hay alumnos que tienen déficit de atención osea por más que les doy un problema similar a la prueba no consiguen resolver,1,1.3333334,5,5,0,0,.23809524,1,0,0
Matemática,I.E Monseñor Javier Aris Huarte (Kirigueti),5to de Secundaria,Sesión de consolidación (miércoles y sábados),22,18apr2026,Nivelación 0,,Hoy sacaron todos 4 pero hay chicos que no saben sumar por ejemplo no saben 9+3 tengo que ayudarles con los dedos,1,1.3333334,4,4,0,0,.18181819,1,0,0
Matemática,I.E Monseñor Javier Aris Huarte (Kirigueti),5to de Secundaria,Sesión de consolidación (miércoles y sábados),21,16may2026,Números decimales,Porcentajes I,Baja asistencia ,.72000003,1.3333334,5,3,1,1,.23809524,.60000002,.2,.2
Matemática,I.E Monseñor Javier Aris Huarte (Kirigueti),5to de Secundaria,Sesión de consolidación (miércoles y sábados),22,16may2026,Números decimales,Porcentajes I,Poca asistencia ,.80000001,1.3333334,2,1,1,0,.090909094,.5,.5,0
Matemática,I.E Monseñor Javier Aris Huarte (Kirigueti),5to de Secundaria,Sesión de consolidación (miércoles y sábados),21,13jun2026,Porcentajes I,Porcentajes II,No hay luz ni puedo imprimir a gusto,.89999998,1.3333334,12,11,0,1,.5714286,.91666669,0,.083333336
Matemática,I.E Monseñor Javier Aris Huarte (Kirigueti),5to de Secundaria,Sesión de consolidación (miércoles y sábados),22,13jun2026,Porcentajes I,Porcentajes II,No hay luz y no hay tinta,.80000001,1.3333334,10,6,4,0,.45454547,.60000002,.40000001,0
Matemática,I.E Monseñor Javier Aris Huarte (Kirigueti),5to de Secundaria,Sesión de consolidación (miércoles y sábados),21,11jul2026,Patrones y progresiones,,Asistió una estudiante de 4to Delia,.7846154,1.3333334,13,8,4,1,.61904764,.61538464,.30769232,.07692308
Matemática,I.E Monseñor Javier Aris Huarte (Kirigueti),5to de Secundaria,Sesión de consolidación (miércoles y sábados),22,11jul2026,Patrones y progresiones,,Asistió una estudiante de 4to B Delia ,.55000001,1.3333334,8,3,2,3,.36363637,.375,.25,.375
Lectoescritura,I.E Juan Santos Atahualpa (Camisea),4to de Secundaria,Sesión de reforzamiento,24,06apr2026,Textos descriptivos,,La sesión se llevó a cabo con éxito. No se incorporó ningún estudiante y tampoco hubo inconvenientes durante la clase. ,.70769233,2.6666667,13,6,5,2,.54166669,.46153846,.38461539,.15384616
Lectoescritura,I.E Juan Santos Atahualpa (Camisea),4to de Secundaria,Sesión de reforzamiento,24,09apr2026,Textos instructivos,,Hoy se ausentaron bastantes estudiantes. Los estudiantes que asistieron indicaron que sus compañeros podrían no llegar porque salieron tarde del colegio. ,.75,2.6666667,6,4,1,1,.25,.66666669,.16666667,.16666667
Lectoescritura,I.E Juan Santos Atahualpa (Camisea),4to de Secundaria,Sesión de reforzamiento,24,20apr2026,Textos narrativos I,,"La sesión se llevó a cabo con normalidad. Hubo un estudiante nuevo que no aparece en la lista, se llama Diego Smith Ayquipa (Su primer apellido esta ininteligible en su Exit. Hoy se preguntará, ya que tampoco aparece en la lista oficial de Dirección).",.76923078,2.6666667,13,10,1,2,.54166669,.76923078,.07692308,.15384616
Lectoescritura,I.E Juan Santos Atahualpa (Camisea),4to de Secundaria,Sesión de reforzamiento,24,23apr2026,Textos narrativos II,,La sesión se desarrolló con normalidad. ,.9818182,2.6666667,11,11,0,0,.45833334,1,0,0
Lectoescritura,I.E Juan Santos Atahualpa (Camisea),4to de Secundaria,Sesión de reforzamiento,24,04may2026,Textos narrativos III,,La sesión se desarrolló con normalidad. Asistieron 15 estudiantes.,.81333333,2.6666667,15,11,3,1,.625,.73333335,.2,.06666667
Lectoescritura,I.E Juan Santos Atahualpa (Camisea),4to de Secundaria,Sesión de reforzamiento,24,07may2026,Textos narrativos III,,"La sesión se desarrolló con normalidad. Otra vez (2da) vino la estudiante VICENTE DIAZ KENIA YANINA, que aún no aparece en la lista de aquí. ",.70666665,2.6666667,16,9,1,5,.66666669,.5625,.0625,.3125
Lectoescritura,I.E Juan Santos Atahualpa (Camisea),4to de Secundaria,Sesión de reforzamiento,24,01jun2026,Textos narrativos III,,La sesión se desarrolló con normalidad. La sesión fue sobre Textos narrativos (producción de textos).,.88333333,2.6666667,12,10,1,1,.5,.83333331,.083333336,.083333336
Lectoescritura,I.E Juan Santos Atahualpa (Camisea),4to de Secundaria,Sesión de reforzamiento,24,04jun2026,Textos narrativos III,,La sesión se desarrolló con normalidad. La mitad de los chicos de 4to estuvieron ensayando en la banda en el mismo horario.,.94285715,2.6666667,7,6,1,0,.29166666,.85714287,.14285715,0
Lectoescritura,I.E Juan Santos Atahualpa (Camisea),4to de Secundaria,Sesión de reforzamiento,24,08jun2026,Textos expositivos I,,La clase se desarrolló con normalidad. No se presentaron inconvenientes.,.80000001,2.6666667,4,2,2,0,.16666667,.5,.5,0
Lectoescritura,I.E Juan Santos Atahualpa (Camisea),4to de Secundaria,Sesión de reforzamiento,24,09jun2026,Textos expositivos I,,La sesión se desarrolló con normalidad.,.89999998,2.6666667,6,6,0,0,.25,1,0,0
Lectoescritura,I.E Juan Santos Atahualpa (Camisea),4to de Secundaria,Sesión de reforzamiento,24,11jun2026,Textos expositivos I,,La sesión se desarrolló con normalidad. ,.55000001,2.6666667,4,0,3,1,.16666667,0,.75,.25
Lectoescritura,I.E Juan Santos Atahualpa (Camisea),4to de Secundaria,Sesión de reforzamiento,24,12jun2026,Textos expositivos I,,La sesión se desarrolló con normalidad.,.53333336,2.6666667,3,1,1,1,.125,.33333334,.33333334,.33333334
Lectoescritura,I.E Juan Santos Atahualpa (Camisea),4to de Secundaria,Sesión de reforzamiento,24,30jun2026,Textos expositivos II,,La sesión se desarrolló a las 3 p.m. Los estudiantes de 4to no asistieron porque están en ensayos y entrenamientos.,1,2.6666667,1,1,0,0,.041666668,1,0,0
Lectoescritura,I.E Juan Santos Atahualpa (Camisea),4to de Secundaria,Sesión de reforzamiento,24,02jul2026,Textos expositivos II,,La sesión se desarrolló por la tarde con los chicos de 5to sec.  ,.60000002,2.6666667,1,0,1,0,.041666668,0,1,0
Lectoescritura,I.E Juan Santos Atahualpa (Camisea),4to de Secundaria,Sesión de reforzamiento,24,03jul2026,Textos expositivos II,,Los estudiantes de 4to no asistieron porque estaban en ensayos por el aniversario de Camisea.,,2.6666667,0,0,0,0,0,,,
Lectoescritura,I.E Juan Santos Atahualpa (Camisea),4to de Secundaria,Sesión de reforzamiento,24,16jul2026,Textos argumentativos I,,La estudiante Karol Gonzales Pascal no se encuentra en la lista. Asistió el día de hoy 16/07,.86666667,2.6666667,3,2,1,0,.125,.66666669,.33333334,0
Lectoescritura,I.E Juan Santos Atahualpa (Camisea),4to de Secundaria,Sesión de reforzamiento,24,17jul2026,Textos argumentativos I,,La estudiante Gonzales Pascal Karol no aparece en la lista. Es de 4to grado.,.73333335,2.6666667,3,2,0,1,.125,.66666669,0,.33333334
Lectoescritura,I.E Juan Santos Atahualpa (Camisea),4to de Secundaria,Sesión de consolidación (miércoles y sábados),24,08apr2026,Textos descriptivos,,Asistieron 11 estudiantes de 20. Llegaron un poco más de las 3 p.m (3:15 p.m),.72727275,1.3333334,11,9,2,0,.45833334,.81818181,.18181819,0
Lectoescritura,I.E Juan Santos Atahualpa (Camisea),4to de Secundaria,Sesión de consolidación (miércoles y sábados),24,11apr2026,Textos instructivos,,Un estudiante se incorporó a las clases. Su nombre es Góngora Ccahua Jhoul Franco. La clase de consolidación se desarrolló en el Tambo donde asistieron 6 estudiantes de 4to y 2 de 5to. En total 8.,.89999998,1.3333334,5,5,0,0,.20833333,1,0,0
Lectoescritura,I.E Juan Santos Atahualpa (Camisea),4to de Secundaria,Sesión de consolidación (miércoles y sábados),24,22apr2026,Textos narrativos I,,La sesión se llevó a cabo sin ningún incoveniente. ,.75,1.3333334,2,2,0,0,.083333336,1,0,0
Lectoescritura,I.E Juan Santos Atahualpa (Camisea),4to de Secundaria,Sesión de consolidación (miércoles y sábados),24,25apr2026,Textos narrativos II,,La sesión se desarrolló con normalidad. ,.8125,1.3333334,4,3,1,0,.16666667,.75,.25,0
Lectoescritura,I.E Juan Santos Atahualpa (Camisea),4to de Secundaria,Sesión de consolidación (miércoles y sábados),24,06may2026,Textos narrativos III,,La sesión se desarrolló con normalidad. Asistió una estudiante que no está en el registro del formulario: VICENTE DIAZ KENIA YANINA.,.875,1.3333334,16,14,1,1,.66666669,.875,.0625,.0625
Lectoescritura,I.E Juan Santos Atahualpa (Camisea),4to de Secundaria,Sesión de consolidación (miércoles y sábados),24,09may2026,Textos narrativos III,,La sesión se desarrolló solo con 3 estudiantes (2 de 4to y 1 de 5to) porque la mayoría estaba ensayando su danza para el Día de la Madre. ,.75,1.3333334,2,1,1,0,.083333336,.5,.5,0
Lectoescritura,I.E Juan Santos Atahualpa (Camisea),4to de Secundaria,Sesión de consolidación (miércoles y sábados),24,03jun2026,Textos narrativos III,,La sesión se desarrolló con normalidad. Inició a las 3 p.m. y termino a las 6 p.m. con el fin de la recuperación de horas.,.82857144,1.3333334,7,5,2,0,.29166666,.71428573,.2857143,0
Lectoescritura,I.E Juan Santos Atahualpa (Camisea),4to de Secundaria,Sesión de consolidación (miércoles y sábados),24,06jun2026,Textos narrativos III,,La sesión se desarrolló a la hora puntual en el Salón Multiusos. Se les pasó la voz en el colegio desde el día anterior.,.84000003,1.3333334,5,4,0,1,.20833333,.80000001,0,.2
Lectoescritura,I.E Juan Santos Atahualpa (Camisea),4to de Secundaria,Sesión de consolidación (miércoles y sábados),24,10jun2026,Textos expositivos I,,La sesión se desarrolló con normalidad.,.86666667,1.3333334,6,5,0,1,.25,.83333331,0,.16666667
Lectoescritura,I.E Juan Santos Atahualpa (Camisea),4to de Secundaria,Sesión de consolidación (miércoles y sábados),24,13jun2026,Textos expositivos I,,La sesión se desarrolló con normalidad.,.60000002,1.3333334,3,1,1,1,.125,.33333334,.33333334,.33333334
Lectoescritura,I.E Juan Santos Atahualpa (Camisea),4to de Secundaria,Sesión de consolidación (miércoles y sábados),24,01jul2026,Textos narrativos II,,La sesión se desarrolló con normalidad.,.80000001,1.3333334,1,1,0,0,.041666668,1,0,0
Lectoescritura,I.E Juan Santos Atahualpa (Camisea),4to de Secundaria,Sesión de consolidación (miércoles y sábados),24,04jul2026,Textos expositivos II,,Los estudiantes de 4to no asistieron a la sesión de consolidación.,,1.3333334,0,0,0,0,0,,,
Lectoescritura,I.E Juan Santos Atahualpa (Camisea),4to de Secundaria,Sesión de consolidación (miércoles y sábados),24,18jul2026,Textos argumentativos I,,La sesión se desarrolló en horario de la mañana solo con estudiantes de 4to grado de secundaria.,.66666669,1.3333334,3,2,0,1,.125,.66666669,0,.33333334
Matemática,I.E Juan Santos Atahualpa (Camisea),4to de Secundaria,Sesión de reforzamiento,24,13apr2026,Nivelación 0,,9 asistieron ,.5777778,2.6666667,9,6,0,3,.375,.66666669,0,.33333334
Matemática,I.E Juan Santos Atahualpa (Camisea),4to de Secundaria,Sesión de reforzamiento,24,16apr2026,Nivelación 0,,Solo vino un estudiante de 1 de secundaria ,,2.6666667,0,0,0,0,0,,,
Matemática,I.E Juan Santos Atahualpa (Camisea),4to de Secundaria,Sesión de reforzamiento,24,27apr2026,Fracciones,,La mayoría de los estudiantes faltaron porque están prácticamente para las olimpíadas interescolares que es el 28 de mayo,.69999999,2.6666667,4,2,1,1,.16666667,.5,.25,.25
Matemática,I.E Juan Santos Atahualpa (Camisea),4to de Secundaria,Sesión de reforzamiento,24,30apr2026,Operaciones con fracciones,,Un estudiante se retiró a las 4:50 PM por una urgencia ,.80000001,2.6666667,4,3,0,1,.16666667,.75,0,.25
Matemática,I.E Juan Santos Atahualpa (Camisea),4to de Secundaria,Sesión de reforzamiento,24,11may2026,Operaciones con fracciones,,Rusbel necesita mucho apoyo ,.62,2.6666667,10,5,2,3,.41666666,.5,.2,.30000001
Matemática,I.E Juan Santos Atahualpa (Camisea),4to de Secundaria,Sesión de reforzamiento,24,14may2026,Números decimales,,4 alumnos se retiraron a las 4:30 por motivo de entrenamiento ,.58181816,2.6666667,11,3,2,6,.45833334,.27272728,.18181819,.54545456
Matemática,I.E Juan Santos Atahualpa (Camisea),4to de Secundaria,Sesión de reforzamiento,24,16jun2026,Números decimales,,Grupo 1,.66666669,2.6666667,3,1,1,1,.125,.33333334,.33333334,.33333334
Matemática,I.E Juan Santos Atahualpa (Camisea),4to de Secundaria,Sesión de reforzamiento,24,18jun2026,Números decimales,,Grupo 2 ,,2.6666667,0,0,0,0,0,,,
Matemática,I.E Juan Santos Atahualpa (Camisea),4to de Secundaria,Sesión de reforzamiento,24,19jun2026,Números decimales,,Grupo 2,1,2.6666667,2,2,0,0,.083333336,1,0,0
Matemática,I.E Juan Santos Atahualpa (Camisea),4to de Secundaria,Sesión de reforzamiento,24,22jun2026,Porcentajes I,,Grupo 1,1,2.6666667,3,3,0,0,.125,1,0,0
Matemática,I.E Juan Santos Atahualpa (Camisea),4to de Secundaria,Sesión de reforzamiento,24,23jun2026,Porcentajes II,,Grupo 1,.94999999,2.6666667,4,4,0,0,.16666667,1,0,0
Matemática,I.E Juan Santos Atahualpa (Camisea),4to de Secundaria,Sesión de reforzamiento,24,25jun2026,Porcentajes I,,Grupo 2,1,2.6666667,1,1,0,0,.041666668,1,0,0
Matemática,I.E Juan Santos Atahualpa (Camisea),4to de Secundaria,Sesión de reforzamiento,24,26jun2026,Porcentajes II,,Grupo 2,.80000001,2.6666667,2,1,1,0,.083333336,.5,.5,0
Matemática,I.E Juan Santos Atahualpa (Camisea),4to de Secundaria,Sesión de reforzamiento,24,07jul2026,Proporciones,,Grupo 1 ,,2.6666667,0,0,0,0,0,,,
Matemática,I.E Juan Santos Atahualpa (Camisea),4to de Secundaria,Sesión de reforzamiento,24,09jul2026,Proporciones,,Grupo 2,.85000002,2.6666667,4,3,1,0,.16666667,.75,.25,0
Matemática,I.E Juan Santos Atahualpa (Camisea),4to de Secundaria,Sesión de reforzamiento,24,10jul2026,Patrones y progresiones,,Grupo 2,.73333335,2.6666667,3,2,1,0,.125,.66666669,.33333334,0
Matemática,I.E Juan Santos Atahualpa (Camisea),4to de Secundaria,Sesión de consolidación (miércoles y sábados),24,15apr2026,Nivelación 0,,Solo vino un estudiante de prioridad y también asistió un estudiante de primero Aguilar Haret,.60000002,1.3333334,4,1,1,2,.16666667,.25,.25,.5
Matemática,I.E Juan Santos Atahualpa (Camisea),4to de Secundaria,Sesión de consolidación (miércoles y sábados),24,29apr2026,Fracciones,,Asistieron 5 de cuarto ,.75999999,1.3333334,5,3,0,2,.20833333,.60000002,0,.40000001
Matemática,I.E Juan Santos Atahualpa (Camisea),4to de Secundaria,Sesión de consolidación (miércoles y sábados),24,02may2026,Operaciones con fracciones,,"Asistieron 11 estudiantes( 3 de cuarto, 7 de quinto y 1 de primero)",.46666667,1.3333334,3,1,0,2,.125,.33333334,0,.66666669
Matemática,I.E Juan Santos Atahualpa (Camisea),4to de Secundaria,Sesión de consolidación (miércoles y sábados),24,13may2026,Operaciones con fracciones,,Asistieron 4 de cuarto ,.75,1.3333334,4,3,1,0,.16666667,.75,.25,0
Matemática,I.E Juan Santos Atahualpa (Camisea),4to de Secundaria,Sesión de consolidación (miércoles y sábados),24,16may2026,Operaciones con fracciones,,Asistieron 3 de cuarto ,.40000001,1.3333334,3,1,0,2,.125,.33333334,0,.66666669
Matemática,I.E Juan Santos Atahualpa (Camisea),4to de Secundaria,Sesión de consolidación (miércoles y sábados),24,17jun2026,Números decimales,,Grupo 1,.55000001,1.3333334,4,1,1,2,.16666667,.25,.25,.5
Matemática,I.E Juan Santos Atahualpa (Camisea),4to de Secundaria,Sesión de consolidación (miércoles y sábados),24,20jun2026,Números decimales,Porcentajes I,Grupo 2 ,1,1.3333334,1,1,0,0,.041666668,1,0,0
Matemática,I.E Juan Santos Atahualpa (Camisea),4to de Secundaria,Sesión de consolidación (miércoles y sábados),24,24jun2026,Porcentajes II,,Grupo 1,1,1.3333334,1,1,0,0,.041666668,1,0,0
Matemática,I.E Juan Santos Atahualpa (Camisea),4to de Secundaria,Sesión de consolidación (miércoles y sábados),24,27jun2026,Porcentajes II,,Grupo 2,,1.3333334,0,0,0,0,0,,,
Matemática,I.E Juan Santos Atahualpa (Camisea),4to de Secundaria,Sesión de consolidación (miércoles y sábados),24,08jul2026,Proporciones,Patrones y progresiones,Grupo 1 ,.86666667,1.3333334,3,2,1,0,.125,.66666669,.33333334,0
Matemática,I.E Juan Santos Atahualpa (Camisea),4to de Secundaria,Sesión de consolidación (miércoles y sábados),24,11jul2026,Lenguaje algebraico y ecuaciones,,Grupo 2,,1.3333334,0,0,0,0,0,,,
Lectoescritura,I.E Juan Santos Atahualpa (Camisea),5to de Secundaria,Sesión de reforzamiento,23,07apr2026,Textos descriptivos,,La clase inició de manera puntual. La estudiante Condori López Thalía Yhomaira no está en la lista. No ocurrió ningún inconveniente durante la sesión. ,.56,2.6666667,15,5,3,7,.65217394,.33333334,.2,.46666667
Lectoescritura,I.E Juan Santos Atahualpa (Camisea),5to de Secundaria,Sesión de reforzamiento,23,10apr2026,Textos instructivos,,"La sesión no se llevó a cabo debido a que los estudiantes no acudieron al Tambo de la comunidad. El motivo fue porque no empezó a llover desde muy temprano 7:30 a.m. hasta las 2 p.m. Estuve en el Tambo hasta aproximadamente las 11:30 a.m., pero no acudieron. Cabe señalar que se comunicó en el colegio y también se perifoneó. Todo parece indicar que la ausencia fue por la lluvia, que realmente estuvo fuerte y no se detuvo hasta la tarde. El exit ticket no se aplicó a la única estudiante porque a las 9 a.m. el salón estaba cerrado y a los pocos minutos la estudiante se retiró porque continuaba la lluvia, no llegaban sus compañeros e indicó que vivía lejos. ",,2.6666667,1,0,0,0,.043478262,0,0,0
Lectoescritura,I.E Juan Santos Atahualpa (Camisea),5to de Secundaria,Sesión de reforzamiento,23,21apr2026,Textos instructivos,,La sesión se desarrolló con normalidad. Todos los estudiantes que llegaron aparecen en la lista. ,.5777778,2.6666667,18,6,5,7,.78260869,.33333334,.27777779,.3888889
Lectoescritura,I.E Juan Santos Atahualpa (Camisea),5to de Secundaria,Sesión de reforzamiento,23,24apr2026,Textos narrativos I,,Se desarrolló la sesión con normalidad. Hay una estudiante que no aparece en la lista y asistió hoy a clase. Su nombre es Condori Lopez Thalia Jhomaira. ,.75555557,2.6666667,12,5,4,0,.52173913,.41666666,.33333334,0
Lectoescritura,I.E Juan Santos Atahualpa (Camisea),5to de Secundaria,Sesión de reforzamiento,23,05may2026,Textos narrativos II,Textos narrativos III,La sesión se desarrolló con normalidad. No hubo ningún incoveniente. ,.71250004,2.6666667,16,10,3,3,.69565219,.625,.1875,.1875
Lectoescritura,I.E Juan Santos Atahualpa (Camisea),5to de Secundaria,Sesión de reforzamiento,23,08may2026,Textos narrativos III,,La sesión se desarrolló con normalidad. ,.74285716,2.6666667,14,8,5,1,.60869563,.5714286,.35714287,.071428575
Lectoescritura,I.E Juan Santos Atahualpa (Camisea),5to de Secundaria,Sesión de reforzamiento,23,02jun2026,Textos narrativos III,,La sesión se desarrolló de 3 a 6 p.m. Solo asistieron 5 estudiantes. Se presume que no fueron porque llovió a partir de las 2 p.m. hasta las 4 p.m.,.80000001,2.6666667,5,4,1,0,.2173913,.80000001,.2,0
Lectoescritura,I.E Juan Santos Atahualpa (Camisea),5to de Secundaria,Sesión de reforzamiento,23,05jun2026,Textos narrativos III,,La sesión se desarrolló con normalidad en el salón multiusos se la comunidad.,.75999999,2.6666667,10,7,0,3,.43478259,.69999999,0,.30000001
Lectoescritura,I.E Juan Santos Atahualpa (Camisea),5to de Secundaria,Sesión de reforzamiento,23,08jun2026,Textos expositivos I,,"La sesión se desarrolló con normalidad. Asistieron pocos estudiantes porque, según justificaron ellos mismos, no se les pasó la voz. ",.66666669,2.6666667,3,1,2,0,.13043478,.33333334,.66666669,0
Lectoescritura,I.E Juan Santos Atahualpa (Camisea),5to de Secundaria,Sesión de reforzamiento,23,09jun2026,Textos expositivos I,,La sesión se desarrolló con normalidad.,.85000002,2.6666667,9,7,1,0,.39130434,.77777779,.11111111,0
Lectoescritura,I.E Juan Santos Atahualpa (Camisea),5to de Secundaria,Sesión de reforzamiento,23,11jun2026,Textos expositivos I,,La sesión se desarrolló con normalidad. Se inició de manera puntual.,.65000004,2.6666667,8,4,1,3,.34782609,.5,.125,.375
Lectoescritura,I.E Juan Santos Atahualpa (Camisea),5to de Secundaria,Sesión de reforzamiento,23,12jun2026,Textos expositivos I,,La sesión se desarrolló con normalidad. No hubo ningún incoveniente.,.74285716,2.6666667,7,5,1,1,.30434781,.71428573,.14285715,.14285715
Lectoescritura,I.E Juan Santos Atahualpa (Camisea),5to de Secundaria,Sesión de reforzamiento,23,30jun2026,Textos expositivos II,,La sesión se desarrolló con normalidad con 3 estudiantes de 5to de secundaria. La mayoría de estudiantes están en ensayos y entrenamientos.,.86666667,2.6666667,3,2,1,0,.13043478,.66666669,.33333334,0
Lectoescritura,I.E Juan Santos Atahualpa (Camisea),5to de Secundaria,Sesión de reforzamiento,23,02jul2026,Textos expositivos II,,La sesión se desarrolló con normalidad.,.80000001,2.6666667,3,3,0,0,.13043478,1,0,0
Lectoescritura,I.E Juan Santos Atahualpa (Camisea),5to de Secundaria,Sesión de reforzamiento,23,03jul2026,Textos expositivos II,,La sesión se desarrolló con normalidad.,.69999999,2.6666667,4,2,1,1,.17391305,.5,.25,.25
Lectoescritura,I.E Juan Santos Atahualpa (Camisea),5to de Secundaria,Sesión de reforzamiento,23,16jul2026,Textos argumentativos I,,La sesión se desarrolló con normalidad.,0,2.6666667,1,0,0,1,.043478262,0,0,1
Lectoescritura,I.E Juan Santos Atahualpa (Camisea),5to de Secundaria,Sesión de reforzamiento,23,17jul2026,Textos argumentativos I,,La sesión se desarrolló con normalidad con una sola estudiante de 5to y 4 estudiantes de 4to.,.80000001,2.6666667,1,1,0,0,.043478262,1,0,0
Lectoescritura,I.E Juan Santos Atahualpa (Camisea),5to de Secundaria,Sesión de consolidación (miércoles y sábados),23,08apr2026,Textos descriptivos,,Para la clase de consolidación los estudiantes de 5to no asistieron en su totalidad. Solo asistieron 3. Se espera que su asistencia se vuelva frecuente en los siguientes días.,.66666669,1.3333334,3,2,1,0,.13043478,.66666669,.33333334,0
Lectoescritura,I.E Juan Santos Atahualpa (Camisea),5to de Secundaria,Sesión de consolidación (miércoles y sábados),23,11apr2026,Textos instructivos,,Asistieron 2 estudiantes de 5to de secundaria a la clase de consolidación del día 11/04. La clase se llevó a cabo en el Tambo.,1,1.3333334,2,2,0,0,.086956523,1,0,0
Lectoescritura,I.E Juan Santos Atahualpa (Camisea),5to de Secundaria,Sesión de consolidación (miércoles y sábados),23,22apr2026,Textos instructivos,,La sesión se desarrolló de manera normal. Asistieron 12 estudiantes y todos están en la lista. ,.70833331,1.3333334,12,9,1,2,.52173913,.75,.083333336,.16666667
Lectoescritura,I.E Juan Santos Atahualpa (Camisea),5to de Secundaria,Sesión de consolidación (miércoles y sábados),23,25apr2026,Textos narrativos I,,La sesión se desarrolló con normalidad. No hubo ningún incoveniente. ,.6875,1.3333334,4,3,0,1,.17391305,.75,0,.25
Lectoescritura,I.E Juan Santos Atahualpa (Camisea),5to de Secundaria,Sesión de consolidación (miércoles y sábados),23,06may2026,Textos narrativos II,Textos narrativos III,La sesión se desarrolló con normalidad. ,.94999999,1.3333334,4,4,0,0,.17391305,1,0,0
Lectoescritura,I.E Juan Santos Atahualpa (Camisea),5to de Secundaria,Sesión de consolidación (miércoles y sábados),23,09may2026,Textos narrativos III,,"La clase se desarrolló con 1 estudiante de 5to, la mayoría de los estudiantes estuvo ensayando su danza para el Día de la Madre.",.75,1.3333334,1,1,0,0,.043478262,1,0,0
Lectoescritura,I.E Juan Santos Atahualpa (Camisea),5to de Secundaria,Sesión de consolidación (miércoles y sábados),23,03jun2026,Textos narrativos III,,La sesión se inició a las 3 p.m. y terminó a las 6 p.m. Con el fin de recuperar las horas de la semana anterior.,.64444447,1.3333334,9,5,2,2,.39130434,.55555558,.22222222,.22222222
Lectoescritura,I.E Juan Santos Atahualpa (Camisea),5to de Secundaria,Sesión de consolidación (miércoles y sábados),23,06jun2026,Textos narrativos III,,La sesión se desarrolló con normalidad en el Salón Multiusos de Camisea. ,.72000003,1.3333334,5,3,0,2,.2173913,.60000002,0,.40000001
Lectoescritura,I.E Juan Santos Atahualpa (Camisea),5to de Secundaria,Sesión de consolidación (miércoles y sábados),23,10jun2026,Textos expositivos I,,La sesión se desarrolló con normalidad. ,.85000002,1.3333334,8,6,2,0,.34782609,.75,.25,0
Lectoescritura,I.E Juan Santos Atahualpa (Camisea),5to de Secundaria,Sesión de consolidación (miércoles y sábados),23,13jun2026,Textos expositivos I,,La sesión de consolidación se desarrolló con normalidad.,.75,1.3333334,4,3,1,0,.17391305,.75,.25,0
Lectoescritura,I.E Juan Santos Atahualpa (Camisea),5to de Secundaria,Sesión de consolidación (miércoles y sábados),23,01jul2026,Textos narrativos II,,La sesión se desarrolló de 3p.m. a 6 p.m. La mayoría de estudiantes siguen en ensayos y entrenamientos por el aniversario de Megantoni.,.89999998,1.3333334,2,2,0,0,.086956523,1,0,0
Lectoescritura,I.E Juan Santos Atahualpa (Camisea),5to de Secundaria,Sesión de consolidación (miércoles y sábados),23,04jul2026,Textos expositivos II,,La sesión se desarrolló con normalidad desde las 8 a.m. ,.66666669,1.3333334,3,1,2,0,.13043478,.33333334,.66666669,0
Lectoescritura,I.E Juan Santos Atahualpa (Camisea),5to de Secundaria,Sesión de consolidación (miércoles y sábados),23,18jul2026,Textos argumentativos I,,No asistió ningún estudiante de 5to de secundaria.,,1.3333334,0,0,0,0,0,,,
Matemática,I.E Juan Santos Atahualpa (Camisea),5to de Secundaria,Sesión de reforzamiento,23,14apr2026,Nivelación 0,,18 asistieron ,.63333333,2.6666667,18,8,7,3,.78260869,.44444445,.3888889,.16666667
Matemática,I.E Juan Santos Atahualpa (Camisea),5to de Secundaria,Sesión de reforzamiento,23,17apr2026,Nivelación 0,,Asistieron 7 estudiantes ,.5714286,2.6666667,7,1,4,2,.30434781,.14285715,.5714286,.2857143
Matemática,I.E Juan Santos Atahualpa (Camisea),5to de Secundaria,Sesión de reforzamiento,23,28apr2026,Fracciones,,Asistieron 13,.60000002,2.6666667,13,5,2,6,.56521738,.38461539,.15384616,.46153846
Matemática,I.E Juan Santos Atahualpa (Camisea),5to de Secundaria,Sesión de reforzamiento,23,01may2026,Fracciones,,Asistieron 7 estudiantes ,.85714287,2.6666667,7,6,1,0,.30434781,.85714287,.14285715,0
Matemática,I.E Juan Santos Atahualpa (Camisea),5to de Secundaria,Sesión de reforzamiento,23,12may2026,Operaciones con fracciones,,Asistieron 15 alumnos ,.65333337,2.6666667,15,7,3,5,.65217394,.46666667,.2,.33333334
Matemática,I.E Juan Santos Atahualpa (Camisea),5to de Secundaria,Sesión de reforzamiento,23,15may2026,Operaciones con fracciones,,Asistieron 10 alumnos ,.62,2.6666667,10,3,4,3,.43478259,.30000001,.40000001,.30000001
Matemática,I.E Juan Santos Atahualpa (Camisea),5to de Secundaria,Sesión de reforzamiento,23,16jun2026,Números decimales,,Grupo 1,.63636363,2.6666667,11,5,3,3,.47826087,.45454547,.27272728,.27272728
Matemática,I.E Juan Santos Atahualpa (Camisea),5to de Secundaria,Sesión de reforzamiento,23,18jun2026,Números decimales,,Grupo 2,.80000001,2.6666667,1,1,0,0,.043478262,1,0,0
Matemática,I.E Juan Santos Atahualpa (Camisea),5to de Secundaria,Sesión de reforzamiento,23,19jun2026,Números decimales,,Grupo 2,1,2.6666667,1,1,0,0,.043478262,1,0,0
Matemática,I.E Juan Santos Atahualpa (Camisea),5to de Secundaria,Sesión de reforzamiento,23,20jun2026,Números decimales,Porcentajes I,Grupo 1 (recuperación del día lunes),1,2.6666667,2,2,0,0,.086956523,1,0,0
Matemática,I.E Juan Santos Atahualpa (Camisea),5to de Secundaria,Sesión de reforzamiento,23,22jun2026,Porcentajes I,,Grupo 1,.83333337,2.6666667,7,4,2,0,.30434781,.5714286,.2857143,0
Matemática,I.E Juan Santos Atahualpa (Camisea),5to de Secundaria,Sesión de reforzamiento,23,23jun2026,Porcentajes II,,Grupo 1,.80000001,2.6666667,4,3,1,0,.17391305,.75,.25,0
Matemática,I.E Juan Santos Atahualpa (Camisea),5to de Secundaria,Sesión de reforzamiento,23,25jun2026,Porcentajes I,,Grupo 2,.80000001,2.6666667,1,1,0,0,.043478262,1,0,0
Matemática,I.E Juan Santos Atahualpa (Camisea),5to de Secundaria,Sesión de reforzamiento,23,26jun2026,Nivelación 0,,Grupo 2,1,2.6666667,1,1,0,0,.043478262,1,0,0
Matemática,I.E Juan Santos Atahualpa (Camisea),5to de Secundaria,Sesión de reforzamiento,23,07jul2026,Proporciones,,Grupo 1,1,2.6666667,1,1,0,0,.043478262,1,0,0
Matemática,I.E Juan Santos Atahualpa (Camisea),5to de Secundaria,Sesión de reforzamiento,23,09jul2026,Proporciones,,Grupo 2,.73333335,2.6666667,3,2,0,1,.13043478,.66666669,0,.33333334
Matemática,I.E Juan Santos Atahualpa (Camisea),5to de Secundaria,Sesión de reforzamiento,23,10jul2026,Patrones y progresiones,,Grupo 2,.80000001,2.6666667,2,1,1,0,.086956523,.5,.5,0
Matemática,I.E Juan Santos Atahualpa (Camisea),5to de Secundaria,Sesión de consolidación (miércoles y sábados),23,15apr2026,Nivelación 0,,Se solicito que vinieran los estudiantes que están mal y los que faltaron ,.40000001,1.3333334,1,0,0,1,.043478262,0,0,1
Matemática,I.E Juan Santos Atahualpa (Camisea),5to de Secundaria,Sesión de consolidación (miércoles y sábados),23,18apr2026,Nivelación 0,,6 de quinto ,.80000001,1.3333334,6,6,0,0,.26086956,1,0,0
Matemática,I.E Juan Santos Atahualpa (Camisea),5to de Secundaria,Sesión de consolidación (miércoles y sábados),23,29apr2026,Fracciones,,Llegaron tarde porque están practicando fútbol ,.76666665,1.3333334,6,4,1,1,.26086956,.66666669,.16666667,.16666667
Matemática,I.E Juan Santos Atahualpa (Camisea),5to de Secundaria,Sesión de consolidación (miércoles y sábados),23,02may2026,Fracciones,,"11 estudiantes ( 3 de cuarto, 7 de quinto y 1 de primero)",.85714287,1.3333334,7,6,0,1,.30434781,.85714287,0,.14285715
Matemática,I.E Juan Santos Atahualpa (Camisea),5to de Secundaria,Sesión de consolidación (miércoles y sábados),23,13may2026,Operaciones con fracciones,,Algunos alumnos no asistieron porque tenían examen de ciencia y tecnología ,.88,1.3333334,5,4,1,0,.2173913,.80000001,.2,0
Matemática,I.E Juan Santos Atahualpa (Camisea),5to de Secundaria,Sesión de consolidación (miércoles y sábados),23,16may2026,Operaciones con fracciones,,La ausencia de los estudiantes es motivo por la reunión comunal que había en ese momento y la mayoría estaba ahí ,.94999999,1.3333334,4,4,0,0,.17391305,1,0,0
Matemática,I.E Juan Santos Atahualpa (Camisea),5to de Secundaria,Sesión de consolidación (miércoles y sábados),23,17jun2026,Números decimales,,73935796,.48571429,1.3333334,7,2,1,4,.30434781,.2857143,.14285715,.5714286
Matemática,I.E Juan Santos Atahualpa (Camisea),5to de Secundaria,Sesión de consolidación (miércoles y sábados),23,20jun2026,Números decimales,Porcentajes I,Grupo 2,1,1.3333334,1,1,0,0,.043478262,1,0,0
Matemática,I.E Juan Santos Atahualpa (Camisea),5to de Secundaria,Sesión de consolidación (miércoles y sábados),23,25jun2026,Porcentajes II,,Grupo 1,,1.3333334,0,0,0,0,0,,,
Matemática,I.E Juan Santos Atahualpa (Camisea),5to de Secundaria,Sesión de consolidación (miércoles y sábados),23,27jun2026,Nivelación 0,,Grupo 2,,1.3333334,0,0,0,0,0,,,
Matemática,I.E Juan Santos Atahualpa (Camisea),5to de Secundaria,Sesión de consolidación (miércoles y sábados),23,08jul2026,Proporciones,Patrones y progresiones,Grupo 1,.73333335,1.3333334,6,4,1,1,.26086956,.66666669,.16666667,.16666667
Matemática,I.E Juan Santos Atahualpa (Camisea),5to de Secundaria,Sesión de consolidación (miércoles y sábados),23,11jul2026,Lenguaje algebraico y ecuaciones,,Grupo 2,,1.3333334,0,0,0,0,0,,,
Lectoescritura,I.E N° 64518 (Segakiato),4to de Secundaria,Sesión de reforzamiento,9,13apr2026,Textos descriptivos,,La clase inició de manera puntual. Asistieron 8 estudiantes de 4to. No hubo ningún incoveniente.,.35000002,2.6666667,8,0,2,6,.8888889,0,.25,.75
Lectoescritura,I.E N° 64518 (Segakiato),4to de Secundaria,Sesión de reforzamiento,9,14apr2026,Textos descriptivos,,Ningún estudiante se incorporó. Asistieron 5 estudiantes de 4to grado y la sesión se desarrolló con normalidad de 9 a 12 p.m.,.55000001,2.6666667,5,1,4,0,.55555558,.2,.80000001,0
Lectoescritura,I.E N° 64518 (Segakiato),4to de Secundaria,Sesión de reforzamiento,9,16apr2026,Textos descriptivos,,La sesión solo se llevó a cabo con una estudiante que llegó después del horario establecido. Llegó 4 p.m indicando que fue por la lluvia el retraso. Asimismo señaló que por esa razón sus compañeros no habrían asistido.,.75,2.6666667,1,1,0,0,.11111111,1,0,0
Lectoescritura,I.E N° 64518 (Segakiato),4to de Secundaria,Sesión de reforzamiento,9,17apr2026,Textos descriptivos,,La sesión se llevó a cabo con normalidad. No asistieron algunos por motivo de que estuvo lloviendo desde la mañana.,.625,2.6666667,6,2,4,0,.66666669,.33333334,.66666669,0
Lectoescritura,I.E N° 64518 (Segakiato),4to de Secundaria,Sesión de reforzamiento,9,28apr2026,Textos instructivos,,La sesión se desarrolló con normalidad. ,.66666669,2.6666667,3,2,1,0,.33333334,.66666669,.33333334,0
Lectoescritura,I.E N° 64518 (Segakiato),4to de Secundaria,Sesión de reforzamiento,9,29apr2026,Textos instructivos,,Bien,.58333331,2.6666667,6,3,1,2,.66666669,.5,.16666667,.33333334
Lectoescritura,I.E N° 64518 (Segakiato),4to de Secundaria,Sesión de reforzamiento,9,01may2026,Textos instructivos,,"Nuevamente los estudiantes no asistieron a clases debido a que clasificaron el día anterior. Jugaron en la mañana, pero no todos asistieron al campeonato. Fui desde muy temprano a observarlos y a pasarles la voz que el reforzamiento se daría cuando se desocupen, pero no se acercaron al colegio después. Los profesores y directora que se encontraban también, no apoyaron ni exigieron para que asistan. ",,2.6666667,0,0,0,0,0,,,
Lectoescritura,I.E N° 64518 (Segakiato),4to de Secundaria,Sesión de reforzamiento,9,11may2026,Textos narrativos I,,La clase se desarrolló con normalidad.,.73333335,2.6666667,3,2,1,0,.33333334,.66666669,.33333334,0
Lectoescritura,I.E N° 64518 (Segakiato),4to de Secundaria,Sesión de reforzamiento,9,12may2026,Textos narrativos I,,La sesión se desarrolló con normalidad.,.80000001,2.6666667,4,3,1,0,.44444445,.75,.25,0
Lectoescritura,I.E N° 64518 (Segakiato),4to de Secundaria,Sesión de reforzamiento,9,14may2026,Textos narrativos I,,La sesión se desarrolló con normalidad. Llegaron 2 estudiantes adicionales de 3er grado. ,.58333331,2.6666667,6,3,2,1,.66666669,.5,.33333334,.16666667
Lectoescritura,I.E N° 64518 (Segakiato),4to de Secundaria,Sesión de reforzamiento,9,15may2026,Textos narrativos I,,"La sesión se desarrolló con una estudiante. Llegó media hora tarde, pero se trabajó la sesión completa.",1,2.6666667,1,1,0,0,.11111111,1,0,0
Lectoescritura,I.E N° 64518 (Segakiato),4to de Secundaria,Sesión de reforzamiento,9,15jun2026,Textos narrativos I,,La sesión se desarrolló con normalidad.,.60000002,2.6666667,5,1,3,1,.55555558,.2,.60000002,.2
Lectoescritura,I.E N° 64518 (Segakiato),4to de Secundaria,Sesión de reforzamiento,9,16jun2026,Textos narrativos I,,La sesión se desarrolló a las 12 del mediodía por una reunión de docentes.,.60000002,2.6666667,6,2,3,1,.66666669,.33333334,.5,.16666667
Lectoescritura,I.E N° 64518 (Segakiato),4to de Secundaria,Sesión de reforzamiento,9,18jun2026,Textos narrativos I,,La sesión no se pudo realizar con los estudiantes pues no asistieron. Se supone que el motivo es porque estuvieron realizando los trabajos para el Día del Padre.,,2.6666667,0,0,0,0,0,,,
Lectoescritura,I.E N° 64518 (Segakiato),4to de Secundaria,Sesión de reforzamiento,9,19jun2026,Textos narrativos I,,"La sesión se desarrolló a partir de las 4, pero las estudiantes estuvieron saliendo y regresando porque estaban inscritas en el campeonato de fútbol de la comunidad.",.66666669,2.6666667,3,1,1,1,.33333334,.33333334,.33333334,.33333334
Lectoescritura,I.E N° 64518 (Segakiato),4to de Secundaria,Sesión de reforzamiento,9,22jun2026,Textos narrativos II,,A clase solo asistieron 2 estudiantes de 4to de secundaria. La clase inició a las 3 p.m.,.60000002,2.6666667,2,1,0,1,.22222222,.5,0,.5
Lectoescritura,I.E N° 64518 (Segakiato),4to de Secundaria,Sesión de reforzamiento,9,23jun2026,Textos narrativos II,,La sesión se desarrolló solo con una estudiante de 4to grado de secundaria. ,.75,2.6666667,1,1,0,0,.11111111,1,0,0
Lectoescritura,I.E N° 64518 (Segakiato),4to de Secundaria,Sesión de reforzamiento,9,25jun2026,Textos narrativos II,,La sesión se desarrolló con normalidad a las 3 p.m.,.35000002,2.6666667,4,0,2,2,.44444445,0,.5,.5
Lectoescritura,I.E N° 64518 (Segakiato),4to de Secundaria,Sesión de reforzamiento,9,26jun2026,Textos narrativos II,,La sesión se desarrolló con normalidad en el horario de la mañana por recorte de horario regular de los docentes.,.60000002,2.6666667,5,2,3,0,.55555558,.40000001,.60000002,0
Lectoescritura,I.E N° 64518 (Segakiato),4to de Secundaria,Sesión de reforzamiento,9,07jul2026,Textos narrativos III,,La sesión se desarrolló con normalidad con 2 estudiantes de 4to.,.60000002,2.6666667,2,1,0,1,.22222222,.5,0,.5
Lectoescritura,I.E N° 64518 (Segakiato),4to de Secundaria,Sesión de reforzamiento,9,09jul2026,Textos narrativos III,,La sesión se desarrolló con normalidad a las 3 p.m. con 2 estudiantes de 4to y algunos estudiantes de 1ro y 3ro de sec. ,.69999999,2.6666667,2,1,0,1,.22222222,.5,0,.5
Lectoescritura,I.E N° 64518 (Segakiato),4to de Secundaria,Sesión de reforzamiento,9,10jul2026,Textos narrativos III,,La sesión se desarrolló con 2 estudiantes de 4to y algunos estudiantes de 1ro y 3ro de sec. ,.5,2.6666667,2,1,0,1,.22222222,.5,0,.5
Lectoescritura,I.E N° 64518 (Segakiato),4to de Secundaria,Sesión de consolidación (miércoles y sábados),9,15apr2026,Textos descriptivos,,La sesión de consolidación inició puntual y se realizó con normalidad. ,.5714286,1.3333334,7,3,3,1,.77777779,.42857143,.42857143,.14285715
Lectoescritura,I.E N° 64518 (Segakiato),4to de Secundaria,Sesión de consolidación (miércoles y sábados),9,18apr2026,Textos descriptivos,,La sesión se llevó a cabo de manera puntual. Llegaron solo 3 estudiantes debido a la lluvia que empezó desde las 8 a.m.,.83333331,1.3333334,3,3,0,0,.33333334,1,0,0
Lectoescritura,I.E N° 64518 (Segakiato),4to de Secundaria,Sesión de consolidación (miércoles y sábados),9,30apr2026,Textos instructivos,,"Se había programado una sesión de consolidaciónn para este día jueves 30/04 debido a que el lunes 27 no hubo clases. Martes 28 y miércoles 29 se hizo reforzamiento. Sin embargo, los estudiantes no asistieron porque estaban participando en un campeonato de la comunidad. Cabe indicar que no estaba enterado sino hasta en el horario de clase en que estaba esperándolos. ",,1.3333334,0,0,0,0,0,,,
Lectoescritura,I.E N° 64518 (Segakiato),4to de Secundaria,Sesión de consolidación (miércoles y sábados),9,02may2026,Textos instructivos,,Hoy solo asistieron 2 estudiantes de 4to grado y ninguno de 5to grado. Se les pasó la voz el día de ayer en el campeonato para que asistan ayer mismo y hoy como la última clase de la semana.,.89999998,1.3333334,2,2,0,0,.22222222,1,0,0
Lectoescritura,I.E N° 64518 (Segakiato),4to de Secundaria,Sesión de consolidación (miércoles y sábados),9,13may2026,Textos narrativos I,,La sesión de consolidaciónn se desarrolló con normalidad.,.55000001,1.3333334,4,1,1,2,.44444445,.25,.25,.5
Lectoescritura,I.E N° 64518 (Segakiato),4to de Secundaria,Sesión de consolidación (miércoles y sábados),9,16may2026,Textos narrativos I,,La sesión se desarrolló con normalidad ,.80000001,1.3333334,1,1,0,0,.11111111,1,0,0
Lectoescritura,I.E N° 64518 (Segakiato),4to de Secundaria,Sesión de consolidación (miércoles y sábados),9,17jun2026,Textos narrativos I,,La sesión se inició a las 3 p.m. ,.64999998,1.3333334,5,3,1,1,.55555558,.60000002,.2,.2
Lectoescritura,I.E N° 64518 (Segakiato),4to de Secundaria,Sesión de consolidación (miércoles y sábados),9,20jun2026,Textos narrativos I,,"La sesión se desarrolló a las 8 a.m por sugerencia de los estudiantes un día anterior, pero solo asistió 1 estudiante de 4to grado.",1,1.3333334,1,1,0,0,.11111111,1,0,0
Lectoescritura,I.E N° 64518 (Segakiato),4to de Secundaria,Sesión de consolidación (miércoles y sábados),9,24jun2026,Textos narrativos II,,La sesión no se desarrolló porque los estudiantes no asistieron en la fecha de San Juan.,,1.3333334,0,0,0,0,0,,,
Lectoescritura,I.E N° 64518 (Segakiato),4to de Secundaria,Sesión de consolidación (miércoles y sábados),9,27jun2026,Textos narrativos II,,La sesión se desarrolló por la mañana con solo 2 estudiantes de 4to.,.70000005,1.3333334,2,1,1,0,.22222222,.5,.5,0
Lectoescritura,I.E N° 64518 (Segakiato),4to de Secundaria,Sesión de consolidación (miércoles y sábados),9,08jul2026,Textos narrativos III,,Los estudiantes no asistieron a la clase. La sesión se desarrolló con estudiantes de 1ro de secundaria.,,1.3333334,0,0,0,0,0,,,
Lectoescritura,I.E N° 64518 (Segakiato),4to de Secundaria,Sesión de consolidación (miércoles y sábados),9,11jul2026,Textos narrativos III,,La sesión se desarrolló con normalidad a las 9 a.m. ,.70000005,1.3333334,2,1,1,0,.22222222,.5,.5,0
Matemática,I.E N° 64518 (Segakiato),4to de Secundaria,Sesión de reforzamiento,9,06apr2026,Nivelación 0,,,.45000002,2.6666667,8,2,0,6,.8888889,.25,0,.75
Matemática,I.E N° 64518 (Segakiato),4to de Secundaria,Sesión de reforzamiento,9,07apr2026,Nivelación 0,,"Hoy asistieron 4 estudiantes entre 4 y 5 de secundaria, quizás por la lluvia ",.5,2.6666667,2,0,1,1,.22222222,0,.5,.5
Matemática,I.E N° 64518 (Segakiato),4to de Secundaria,Sesión de reforzamiento,9,09apr2026,Nivelación 0,,Solo vinieron 7 estudiantes donde 5 eran de cuarto secundaria ,.75999999,2.6666667,5,4,1,0,.55555558,.80000001,.2,0
Matemática,I.E N° 64518 (Segakiato),4to de Secundaria,Sesión de reforzamiento,9,10apr2026,Nivelación 0,,Vinieron 8 de cuarto de secundaria ,.5,2.6666667,8,3,3,2,.8888889,.375,.375,.25
Matemática,I.E N° 64518 (Segakiato),4to de Secundaria,Sesión de reforzamiento,9,20apr2026,Nivelación 0,,Asistieron 8 alumnos ( 7 de cuarto y 1 de quinto),.62857145,2.6666667,7,3,1,3,.77777779,.42857143,.14285715,.42857143
Matemática,I.E N° 64518 (Segakiato),4to de Secundaria,Sesión de reforzamiento,9,21apr2026,Fracciones,,Una estudiante vino con una ifante ,.40000001,2.6666667,8,2,2,4,.8888889,.25,.25,.5
Matemática,I.E N° 64518 (Segakiato),4to de Secundaria,Sesión de reforzamiento,9,23apr2026,Operaciones con fracciones,,Les dificulta la división ,.5,2.6666667,2,0,1,1,.22222222,0,.5,.5
Matemática,I.E N° 64518 (Segakiato),4to de Secundaria,Sesión de reforzamiento,9,24apr2026,Fracciones,,Se les dificulta reconocer la suma y resta de fracciones por homogéneas ,.36000001,2.6666667,5,1,1,3,.55555558,.2,.2,.60000002
Matemática,I.E N° 64518 (Segakiato),4to de Secundaria,Sesión de reforzamiento,9,04may2026,Fracciones,,Nadie asistió ,,2.6666667,0,0,0,0,0,,,
Matemática,I.E N° 64518 (Segakiato),4to de Secundaria,Sesión de reforzamiento,9,05may2026,Fracciones,,Asistieron 7 estudiantes ( 1 de quinto y 6 de cuarto),.63333333,2.6666667,6,3,1,2,.66666669,.5,.16666667,.33333334
Matemática,I.E N° 64518 (Segakiato),4to de Secundaria,Sesión de reforzamiento,9,07may2026,Fracciones,,La ausencia de los estudiantes es por las olimpíadas ,.2,2.6666667,3,0,0,1,.33333334,0,0,.33333334
Matemática,I.E N° 64518 (Segakiato),4to de Secundaria,Sesión de reforzamiento,9,08may2026,Operaciones con fracciones,,Inasistencia de los alumnos por eventos deportivos,1,2.6666667,1,1,0,0,.11111111,1,0,0
Matemática,I.E N° 64518 (Segakiato),4to de Secundaria,Sesión de reforzamiento,9,02jun2026,Números decimales,,Asistieron 5 alumnos de cuarto ,.72000003,2.6666667,5,2,2,1,.55555558,.40000001,.40000001,.2
Matemática,I.E N° 64518 (Segakiato),4to de Secundaria,Sesión de reforzamiento,9,04jun2026,Números decimales,,Tema: comparación de decimales ,.60000002,2.6666667,4,1,1,2,.44444445,.25,.25,.5
Matemática,I.E N° 64518 (Segakiato),4to de Secundaria,Sesión de reforzamiento,9,05jun2026,Números decimales,,Recta numérica y números decimales notables ,.5,2.6666667,2,0,1,1,.22222222,0,.5,.5
Matemática,I.E N° 64518 (Segakiato),4to de Secundaria,Sesión de reforzamiento,9,08jun2026,Números decimales,,"Números decimales comparación, suma y resta ",.60000002,2.6666667,2,1,0,1,.22222222,.5,0,.5
Matemática,I.E N° 64518 (Segakiato),4to de Secundaria,Sesión de reforzamiento,9,09jun2026,Números decimales,,"Números decimales comparación, suma y resta ",.55000001,2.6666667,4,1,2,1,.44444445,.25,.5,.25
Matemática,I.E N° 64518 (Segakiato),4to de Secundaria,Sesión de reforzamiento,9,11jun2026,Números decimales,,Multiplicación de números decimales ,.73333335,2.6666667,3,2,0,1,.33333334,.66666669,0,.33333334
Matemática,I.E N° 64518 (Segakiato),4to de Secundaria,Sesión de reforzamiento,9,12jun2026,Números decimales,,Multiplicación y división de números decimales ,.42857143,2.6666667,7,0,4,3,.77777779,0,.5714286,.42857143
Matemática,I.E N° 64518 (Segakiato),4to de Secundaria,Sesión de reforzamiento,9,30jun2026,Porcentajes II,,"Asistieron dos alumnos más, 1 de segundo secundaria y otro de 6 primaria ",.80000001,2.6666667,4,3,1,0,.44444445,.75,.25,0
Matemática,I.E N° 64518 (Segakiato),4to de Secundaria,Sesión de reforzamiento,9,02jul2026,Proporciones,,Los de Alto Segakiato no asistieron ,,2.6666667,0,0,0,0,0,,,
Matemática,I.E N° 64518 (Segakiato),4to de Secundaria,Sesión de reforzamiento,9,03jul2026,Proporciones,,"Asistieron 5 en total, 3 de cuarto, 1 de quinto y 1 de segundo ",.73333335,2.6666667,3,2,0,1,.33333334,.66666669,0,.33333334
Matemática,I.E N° 64518 (Segakiato),4to de Secundaria,Sesión de reforzamiento,9,13jul2026,Proporciones,,"Asistieron 6 alumnos, 3 de 4to, 2 de 2do y 1 de 1ro",.58333331,2.6666667,3,1,2,0,.33333334,.33333334,.66666669,0
Matemática,I.E N° 64518 (Segakiato),4to de Secundaria,Sesión de reforzamiento,9,14jul2026,Proporciones,,"Asistieron 3, 2 de 4to y 1 de 2do",.70000005,2.6666667,2,1,1,0,.22222222,.5,.5,0
Matemática,I.E N° 64518 (Segakiato),4to de Secundaria,Sesión de reforzamiento,9,16jul2026,Patrones y progresiones,,Asistieron solo 2 de cuarto ,1,2.6666667,2,2,0,0,.22222222,1,0,0
Matemática,I.E N° 64518 (Segakiato),4to de Secundaria,Sesión de reforzamiento,9,17jul2026,Patrones y progresiones,,Los profesores y alumnos del todo el colegio se fueron a limpiar la chacra,,2.6666667,0,0,0,0,0,,,
Matemática,I.E N° 64518 (Segakiato),4to de Secundaria,Sesión de reforzamiento,9,20jul2026,Lenguaje algebraico y ecuaciones,,Asistieron 4 de cuarto ,.80000001,2.6666667,4,3,1,0,.44444445,.75,.25,0
Matemática,I.E N° 64518 (Segakiato),4to de Secundaria,Sesión de consolidación (miércoles y sábados),9,08apr2026,Nivelación 0,,Asistieron 8 y fue solo cuarto de secundaria ,.27500001,1.3333334,8,0,2,6,.8888889,0,.25,.75
Matemática,I.E N° 64518 (Segakiato),4to de Secundaria,Sesión de consolidación (miércoles y sábados),9,11apr2026,Nivelación 0,,Vinieron 6 de cuarto de secundaria y 3 de quinto ,.60000002,1.3333334,6,2,2,2,.66666669,.33333334,.33333334,.33333334
Matemática,I.E N° 64518 (Segakiato),4to de Secundaria,Sesión de consolidación (miércoles y sábados),9,22apr2026,Fracciones,,Asistieron en total 5,1,1.3333334,3,3,0,0,.33333334,1,0,0
Matemática,I.E N° 64518 (Segakiato),4to de Secundaria,Sesión de consolidación (miércoles y sábados),9,25apr2026,Fracciones,,Asistieron 4 de cuarto y uno de quinto de primaria ,.45000002,1.3333334,4,1,1,2,.44444445,.25,.25,.5
Matemática,I.E N° 64518 (Segakiato),4to de Secundaria,Sesión de consolidación (miércoles y sábados),9,06may2026,Fracciones,,Brenda necesita mucho apoyo en su comportamiento,.63999999,1.3333334,5,2,1,2,.55555558,.40000001,.2,.40000001
Matemática,I.E N° 64518 (Segakiato),4to de Secundaria,Sesión de consolidación (miércoles y sábados),9,09may2026,Operaciones con fracciones,,Asistieron 2 alumnos de cuarto ,.80000001,1.3333334,2,1,1,0,.22222222,.5,.5,0
Matemática,I.E N° 64518 (Segakiato),4to de Secundaria,Sesión de consolidación (miércoles y sábados),9,03jun2026,Números decimales,,Introducción de números decimales,1,1.3333334,3,3,0,0,.33333334,1,0,0
Matemática,I.E N° 64518 (Segakiato),4to de Secundaria,Sesión de consolidación (miércoles y sábados),9,06jun2026,Números decimales,,Suma y resta de números decimales ,.89999998,1.3333334,2,2,0,0,.22222222,1,0,0
Matemática,I.E N° 64518 (Segakiato),4to de Secundaria,Sesión de consolidación (miércoles y sábados),9,10jun2026,Números decimales,,Tema: multiplicación de números decimales ,.70000005,1.3333334,2,1,1,0,.22222222,.5,.5,0
Matemática,I.E N° 64518 (Segakiato),4to de Secundaria,Sesión de consolidación (miércoles y sábados),9,13jun2026,Porcentajes I,,Asistieron solo cuarto de secundaria ,.75,1.3333334,4,3,0,1,.44444445,.75,0,.25
Matemática,I.E N° 64518 (Segakiato),4to de Secundaria,Sesión de consolidación (miércoles y sábados),9,01jul2026,Porcentajes II,,Asistieron 7,.60000002,1.3333334,4,1,2,1,.44444445,.25,.5,.25
Matemática,I.E N° 64518 (Segakiato),4to de Secundaria,Sesión de consolidación (miércoles y sábados),9,15jul2026,Patrones y progresiones,,Hoy salieron a las 12 pm y no llegaron para la tarde,,1.3333334,0,0,0,0,0,,,
Matemática,I.E N° 64518 (Segakiato),4to de Secundaria,Sesión de consolidación (miércoles y sábados),9,18jul2026,Patrones y progresiones,,Progresión aritmética ,.65000004,1.3333334,4,1,2,1,.44444445,.25,.5,.25
Lectoescritura,I.E N° 64518 (Segakiato),5to de Secundaria,Sesión de reforzamiento,5,13apr2026,Textos descriptivos,,"Solo asistió 1 estudiante, aparte de ello no hubo otro inconveniente.",.2,2.6666667,1,0,0,1,.2,0,0,1
Lectoescritura,I.E N° 64518 (Segakiato),5to de Secundaria,Sesión de reforzamiento,5,14apr2026,Textos descriptivos,,La sesión fue sobre el tema de la semana 1: textos descriptivos. Se desarrollará todavía porque los estudiantes no han respondido como se esperaba. Su nivel de comprensión y de comunicación es bajo. Se trabajará. No se incorporó ningún estudiante. ,.75,2.6666667,1,1,0,0,.2,1,0,0
Lectoescritura,I.E N° 64518 (Segakiato),5to de Secundaria,Sesión de reforzamiento,5,16apr2026,Textos descriptivos,,Hoy no ha asistido ningún estudiante de 5to. Se atribuye la ausencia a la lluvia que hubo desde las 10 a.m. hasta las 4 p.m. Se le pidió al profesor de Comunicación que haga el recordatorio para mañana la siguiente sesión. Yo tambien estaré acercándome a invitar a los estudiantes. ,,2.6666667,0,0,0,0,0,,,
Lectoescritura,I.E N° 64518 (Segakiato),5to de Secundaria,Sesión de reforzamiento,5,17apr2026,Textos descriptivos,,A la clase solo asistió 1 estudiante de 5to. No hubo ningún otro inconveniente.,.75,2.6666667,1,1,0,0,.2,1,0,0
Lectoescritura,I.E N° 64518 (Segakiato),5to de Secundaria,Sesión de reforzamiento,5,28apr2026,Textos instructivos,,"La sesión se desarrolló con normalidad, aunque solo vino una estudiante (tal vez la ausencia se debió porque llovió desde la 1 p.m.)",.75,2.6666667,1,1,0,0,.2,1,0,0
Lectoescritura,I.E N° 64518 (Segakiato),5to de Secundaria,Sesión de reforzamiento,5,29apr2026,Textos instructivos,,La sesión se desarrolló con normalidad. No hubo ningún incoveniente. ,.875,2.6666667,4,4,0,0,.80000001,1,0,0
Lectoescritura,I.E N° 64518 (Segakiato),5to de Secundaria,Sesión de reforzamiento,5,01may2026,Textos instructivos,,"Nuevamente los estudiantes no asistieron a clases debido a que clasificaron el día anterior. Jugaron en la mañana, pero no todos asistieron al campeonato. Fui desde muy temprano a observarlos y a pasarles la voz que el reforzamiento se daría cuando se desocupen, pero no se acercaron al colegio después. Los profesores y directora que se encontraban también, no apoyaron ni exigieron para que asistan. ",,2.6666667,0,0,0,0,0,,,
Lectoescritura,I.E N° 64518 (Segakiato),5to de Secundaria,Sesión de reforzamiento,5,11may2026,Textos narrativos I,,"La clase se realizó con estudiantes de 4to, no asistió ningún estudiante de 5to. Reporté a la directora y profesor de Comunicación. ",,2.6666667,0,0,0,0,0,,,
Lectoescritura,I.E N° 64518 (Segakiato),5to de Secundaria,Sesión de reforzamiento,5,12may2026,Textos narrativos I,,No asistió ningún estudiante de 5to grado. La sesión se desarrolló con 4 estudiantes de 4to. ,,2.6666667,0,0,0,0,0,,,
Lectoescritura,I.E N° 64518 (Segakiato),5to de Secundaria,Sesión de reforzamiento,5,14may2026,Textos narrativos I,,No asistió ningún estudiante de 5to grado. ,,2.6666667,0,0,0,0,0,,,
Lectoescritura,I.E N° 64518 (Segakiato),5to de Secundaria,Sesión de reforzamiento,5,15may2026,Textos narrativos I,,"Solo asistió una estudiante de 5to de secundaria. Llegó media hora tarde, pero se trabajó la sesión completa.",1,2.6666667,1,1,0,0,.2,1,0,0
Lectoescritura,I.E N° 64518 (Segakiato),5to de Secundaria,Sesión de reforzamiento,5,15jun2026,Textos narrativos I,,La sesión solo se desarrolló con los 5 chicos de 4to de secundaria.,,2.6666667,0,0,0,0,0,,,
Lectoescritura,I.E N° 64518 (Segakiato),5to de Secundaria,Sesión de reforzamiento,5,16jun2026,Textos narrativos I,,La sesión se desarrolló a las 12 del mediodía por una reunión de docentes.,.5,2.6666667,2,1,0,1,.40000001,.5,0,.5
Lectoescritura,I.E N° 64518 (Segakiato),5to de Secundaria,Sesión de reforzamiento,5,18jun2026,Textos narrativos I,,"La sesión no se pudo realizar con los estudiantes, pues no asistieron. Se supone que el motivo es porque estuvieron realizando los trabajos para el Día del Padre hasta el final de su horario regular.",,2.6666667,0,0,0,0,0,,,
Lectoescritura,I.E N° 64518 (Segakiato),5to de Secundaria,Sesión de reforzamiento,5,19jun2026,Textos narrativos I,,Los estudiantes no asistieron porque estaban jugando fútbol en la comunidad.,,2.6666667,0,0,0,0,0,,,
Lectoescritura,I.E N° 64518 (Segakiato),5to de Secundaria,Sesión de reforzamiento,5,22jun2026,Textos narrativos II,,No asistió ningún estudiante de 5to. La sesión se desarrolló a las 3 p.m. con los estudiantes de 4to de secundaria.,,2.6666667,0,0,0,0,0,,,
Lectoescritura,I.E N° 64518 (Segakiato),5to de Secundaria,Sesión de reforzamiento,5,23jun2026,Textos narrativos II,,La sesión se desarrolló solo con una estudiante de 4to de secundaria. Inició a las 3 p.m.,,2.6666667,0,0,0,0,0,,,
Lectoescritura,I.E N° 64518 (Segakiato),5to de Secundaria,Sesión de reforzamiento,5,25jun2026,Textos narrativos II,,No asistió ningún estudiante de 5to grado. La sesión se desarrolló solo con estudiantes de 4to grado.,,2.6666667,0,0,0,0,0,,,
Lectoescritura,I.E N° 64518 (Segakiato),5to de Secundaria,Sesión de reforzamiento,5,26jun2026,Textos narrativos II,,La sesión se desarrolló con normalidad en horario de la mañana por recorte de horario regular de los docentes.,0,2.6666667,1,0,0,1,.2,0,0,1
Lectoescritura,I.E N° 64518 (Segakiato),5to de Secundaria,Sesión de reforzamiento,5,07jul2026,Textos narrativos III,,La sesión solo se desarrolló con los estudiantes de 4to de secundaria. No asistió ningún estudiante de 5to.,,2.6666667,0,0,0,0,0,,,
Lectoescritura,I.E N° 64518 (Segakiato),5to de Secundaria,Sesión de reforzamiento,5,09jul2026,Textos narrativos III,,Solo asistieron 2 estudiantes de 4to y estudiantes de 1ro de sec. ,,2.6666667,0,0,0,0,0,,,
Lectoescritura,I.E N° 64518 (Segakiato),5to de Secundaria,Sesión de reforzamiento,5,10jul2026,Textos narrativos III,,No asistió ningún estudiante de 5to grado. La sesión se desarrolló solo con estudiantes de 4to grado de secundaria.,,2.6666667,0,0,0,0,0,,,
Lectoescritura,I.E N° 64518 (Segakiato),5to de Secundaria,Sesión de consolidación (miércoles y sábados),5,15apr2026,Textos descriptivos,,La sesión se inició de manera puntual y se desarrolló sin ningún incoveniente. Se les entregó una infografía sobre los temas vistos lunes y martes.,.58333331,1.3333334,3,2,0,1,.60000002,.66666669,0,.33333334
Lectoescritura,I.E N° 64518 (Segakiato),5to de Secundaria,Sesión de consolidación (miércoles y sábados),5,18apr2026,Textos descriptivos,,La sesión se desarrolló con normalidad.,1,1.3333334,1,1,0,0,.2,1,0,0
Lectoescritura,I.E N° 64518 (Segakiato),5to de Secundaria,Sesión de consolidación (miércoles y sábados),5,30apr2026,Textos instructivos,,La sesión no se desarrolló porque los estudiantes estaban en un campeonato de la comunidad. Se programo una sesión de consolidación para este jueves 30/04 ya que martes 28 y miércoles 29 hicimos reforzamiento (lunes no hubo clases). No se me informo del campeonato mencionado sino hasta la misma hora de mi clase.,,1.3333334,0,0,0,0,0,,,
Lectoescritura,I.E N° 64518 (Segakiato),5to de Secundaria,Sesión de consolidación (miércoles y sábados),5,02may2026,Textos instructivos,,"De los estudiantes de 5to no asistió ninguno ni aun los que suelen venir. Se les pasó la voz el día de ayer para las clases de ayer y hoy, sin embargo, no asistieron. ",,1.3333334,0,0,0,0,0,,,
Lectoescritura,I.E N° 64518 (Segakiato),5to de Secundaria,Sesión de consolidación (miércoles y sábados),5,13may2026,Textos narrativos I,,La sesión se desarrolló con normalidad. Solo asistió 1 estudiante.,.80000001,1.3333334,1,1,0,0,.2,1,0,0
Lectoescritura,I.E N° 64518 (Segakiato),5to de Secundaria,Sesión de consolidación (miércoles y sábados),5,16may2026,Textos narrativos I,,No asistió ningún estudiante de 5to de secundaria a la sesión de consolidación.,,1.3333334,0,0,0,0,0,,,
Lectoescritura,I.E N° 64518 (Segakiato),5to de Secundaria,Sesión de consolidación (miércoles y sábados),5,17jun2026,Textos narrativos I,,La sesión se inició a las 3 p.m.,1,1.3333334,1,1,0,0,.2,1,0,0
Lectoescritura,I.E N° 64518 (Segakiato),5to de Secundaria,Sesión de consolidación (miércoles y sábados),5,20jun2026,Textos narrativos I,,No asistió ningún estudiante. Algunos asistieron al campeonato de la comunidad por el Día del Padre.,,1.3333334,0,0,0,0,0,,,
Lectoescritura,I.E N° 64518 (Segakiato),5to de Secundaria,Sesión de consolidación (miércoles y sábados),5,24jun2026,Textos narrativos II,,La sesión no se desarrolló porque los estudiantes no asistieron en la fecha de San Juan.,,1.3333334,0,0,0,0,0,,,
Lectoescritura,I.E N° 64518 (Segakiato),5to de Secundaria,Sesión de consolidación (miércoles y sábados),5,27jun2026,Textos narrativos II,,"La sesión se desarrolló por la mañana, pero solo con algunos estudiantes de 4to grado de secundaria.",,1.3333334,0,0,0,0,0,,,
Lectoescritura,I.E N° 64518 (Segakiato),5to de Secundaria,Sesión de consolidación (miércoles y sábados),5,08jul2026,Textos narrativos III,,Los estudiantes de 4to y 5to no asistieron. En su lugar asistieron estudiantes de 6to y 1ro de sec.,,1.3333334,0,0,0,0,0,,,
Lectoescritura,I.E N° 64518 (Segakiato),5to de Secundaria,Sesión de consolidación (miércoles y sábados),5,11jul2026,Textos narrativos III,,La sesión se desarrolló solo con 2 estudiantes de 4to de secundaria y algunos estudiantes de 1ro y 3ro de sec. ,,1.3333334,0,0,0,0,0,,,
Matemática,I.E N° 64518 (Segakiato),5to de Secundaria,Sesión de reforzamiento,5,06apr2026,Nivelación 0,,,.40000001,2.6666667,2,0,1,1,.40000001,0,.5,.5
Matemática,I.E N° 64518 (Segakiato),5to de Secundaria,Sesión de reforzamiento,5,07apr2026,Nivelación 0,,Asistieron 2 de 5 de secundaria ,.5,2.6666667,2,0,1,1,.40000001,0,.5,.5
Matemática,I.E N° 64518 (Segakiato),5to de Secundaria,Sesión de reforzamiento,5,09apr2026,Nivelación 0,,Solo asistieron 7 y 2 fueron de quinto ,.80000001,2.6666667,2,1,1,0,.40000001,.5,.5,0
Matemática,I.E N° 64518 (Segakiato),5to de Secundaria,Sesión de reforzamiento,5,10apr2026,Nivelación 0,,Vinieron 4 de quinto de secundaria ,.5625,2.6666667,4,2,1,1,.80000001,.5,.25,.25
Matemática,I.E N° 64518 (Segakiato),5to de Secundaria,Sesión de reforzamiento,5,20apr2026,Nivelación 0,,Solo vino 1,1,2.6666667,1,1,0,0,.2,1,0,0
Matemática,I.E N° 64518 (Segakiato),5to de Secundaria,Sesión de reforzamiento,5,21apr2026,Fracciones,,Solo vino un estudiante ,.60000002,2.6666667,1,0,1,0,.2,0,1,0
Matemática,I.E N° 64518 (Segakiato),5to de Secundaria,Sesión de reforzamiento,5,23apr2026,Operaciones con fracciones,,Le dificulta dividir ,.60000002,2.6666667,1,0,1,0,.2,0,1,0
Matemática,I.E N° 64518 (Segakiato),5to de Secundaria,Sesión de reforzamiento,5,24apr2026,Fracciones,,Se le dificulta dividir ,.80000001,2.6666667,1,1,0,0,.2,1,0,0
Matemática,I.E N° 64518 (Segakiato),5to de Secundaria,Sesión de reforzamiento,5,04may2026,Fracciones,,Nadie asistió ,,2.6666667,0,0,0,0,0,,,
Matemática,I.E N° 64518 (Segakiato),5to de Secundaria,Sesión de reforzamiento,5,05may2026,Fracciones,,Asistió uno de quinto y 6 de cuarto ,.80000001,2.6666667,1,1,0,0,.2,1,0,0
Matemática,I.E N° 64518 (Segakiato),5to de Secundaria,Sesión de reforzamiento,5,07may2026,Fracciones,,La ausencia de los estudiantes es por motivo de olimpiadas ,.2,2.6666667,1,0,0,1,.2,0,0,1
Matemática,I.E N° 64518 (Segakiato),5to de Secundaria,Sesión de reforzamiento,5,08may2026,Operaciones con fracciones,,Inasistencia por eventos deportivos ,,2.6666667,0,0,0,0,0,,,
Matemática,I.E N° 64518 (Segakiato),5to de Secundaria,Sesión de reforzamiento,5,02jun2026,Números decimales,,No asistió nadie de quinto ,,2.6666667,0,0,0,0,0,,,
Matemática,I.E N° 64518 (Segakiato),5to de Secundaria,Sesión de reforzamiento,5,04jun2026,Números decimales,,Tema: comparación de decimales ,.40000001,2.6666667,1,0,0,1,.2,0,0,1
Matemática,I.E N° 64518 (Segakiato),5to de Secundaria,Sesión de reforzamiento,5,05jun2026,Números decimales,,Recta numérica y números decimales notables ,,2.6666667,0,0,0,0,0,,,
Matemática,I.E N° 64518 (Segakiato),5to de Secundaria,Sesión de reforzamiento,5,08jun2026,Números decimales,,"Números decimales comparación, suma y resta",,2.6666667,0,0,0,0,0,,,
Matemática,I.E N° 64518 (Segakiato),5to de Secundaria,Sesión de reforzamiento,5,09jun2026,Números decimales,,"Números decimales comparación, suma y resta ",,2.6666667,0,0,0,0,0,,,
Matemática,I.E N° 64518 (Segakiato),5to de Secundaria,Sesión de reforzamiento,5,11jun2026,Números decimales,,Multiplicación de números decimales ,,2.6666667,0,0,0,0,0,,,
Matemática,I.E N° 64518 (Segakiato),5to de Secundaria,Sesión de reforzamiento,5,12jun2026,Números decimales,,Multiplicación y división de números decimales ,.26666668,2.6666667,3,0,0,3,.60000002,0,0,1
Matemática,I.E N° 64518 (Segakiato),5to de Secundaria,Sesión de reforzamiento,5,30jun2026,Porcentajes II,,Asistieron 6 y ninguno de quinto ,,2.6666667,0,0,0,0,0,,,
Matemática,I.E N° 64518 (Segakiato),5to de Secundaria,Sesión de reforzamiento,5,02jul2026,Proporciones,,Solo asistió un estudiante de 2 de secundaria ,,2.6666667,0,0,0,0,0,,,
Matemática,I.E N° 64518 (Segakiato),5to de Secundaria,Sesión de reforzamiento,5,03jul2026,Proporciones,,"Asistieron 5 en total, 3 de cuarto, 1 de quinto y 1 de segundo ",.2,2.6666667,1,0,0,1,.2,0,0,1
Matemática,I.E N° 64518 (Segakiato),5to de Secundaria,Sesión de reforzamiento,5,13jul2026,Proporciones,,Asistieron solo de 4to,,2.6666667,0,0,0,0,0,,,
Matemática,I.E N° 64518 (Segakiato),5to de Secundaria,Sesión de reforzamiento,5,14jul2026,Proporciones,,"Asistieron 3, 2 de 4to y 1 de 2do",,2.6666667,0,0,0,0,0,,,
Matemática,I.E N° 64518 (Segakiato),5to de Secundaria,Sesión de reforzamiento,5,16jul2026,Patrones y progresiones,,Asistieron solo 2 de cuarto ,,2.6666667,0,0,0,0,0,,,
Matemática,I.E N° 64518 (Segakiato),5to de Secundaria,Sesión de reforzamiento,5,17jul2026,Patrones y progresiones,,Los profesores y alumnos de todo el colegio se fueron a limpiar la chacra ,,2.6666667,0,0,0,0,0,,,
Matemática,I.E N° 64518 (Segakiato),5to de Secundaria,Sesión de reforzamiento,5,20jul2026,Lenguaje algebraico y ecuaciones,,Solo asistieron 4 de cuarto ,,2.6666667,0,0,0,0,0,,,
Matemática,I.E N° 64518 (Segakiato),5to de Secundaria,Sesión de consolidación (miércoles y sábados),5,08apr2026,Nivelación 0,,No vinieron ,,1.3333334,0,0,0,0,0,,,
Matemática,I.E N° 64518 (Segakiato),5to de Secundaria,Sesión de consolidación (miércoles y sábados),5,11apr2026,Nivelación 0,,El nombre de la estudiante Roncardo Ankuri Georgina Magaly está incompleto en el formulario ,.53333336,1.3333334,3,0,2,1,.60000002,0,.66666669,.33333334
Matemática,I.E N° 64518 (Segakiato),5to de Secundaria,Sesión de consolidación (miércoles y sábados),5,22apr2026,Fracciones,,Asistieron 5 alumnos ,1,1.3333334,2,2,0,0,.40000001,1,0,0
Matemática,I.E N° 64518 (Segakiato),5to de Secundaria,Sesión de consolidación (miércoles y sábados),5,25apr2026,Fracciones,,No asistieron los alumnos de quinto ,,1.3333334,0,0,0,0,0,,,
Matemática,I.E N° 64518 (Segakiato),5to de Secundaria,Sesión de consolidación (miércoles y sábados),5,06may2026,Fracciones,,No asistió nadie de quinto ,,1.3333334,0,0,0,0,0,,,
Matemática,I.E N° 64518 (Segakiato),5to de Secundaria,Sesión de consolidación (miércoles y sábados),5,09may2026,Operaciones con fracciones,,No asistió nadie de quinto ,,1.3333334,0,0,0,0,0,,,
Matemática,I.E N° 64518 (Segakiato),5to de Secundaria,Sesión de consolidación (miércoles y sábados),5,03jun2026,Números decimales,,No asistió quinto ,,1.3333334,0,0,0,0,0,,,
Matemática,I.E N° 64518 (Segakiato),5to de Secundaria,Sesión de consolidación (miércoles y sábados),5,06jun2026,Números decimales,,Suma y resta de números decimales ,,1.3333334,0,0,0,0,0,,,
Matemática,I.E N° 64518 (Segakiato),5to de Secundaria,Sesión de consolidación (miércoles y sábados),5,10jun2026,Números decimales,,Tema: Multiplicación de números decimales ,,1.3333334,0,0,0,0,0,,,
Matemática,I.E N° 64518 (Segakiato),5to de Secundaria,Sesión de consolidación (miércoles y sábados),5,13jun2026,Porcentajes I,,No asistió nadie de quinto ,,1.3333334,0,0,0,0,0,,,
Matemática,I.E N° 64518 (Segakiato),5to de Secundaria,Sesión de consolidación (miércoles y sábados),5,01jul2026,Porcentajes II,,No asistieron ,,1.3333334,0,0,0,0,0,,,
Matemática,I.E N° 64518 (Segakiato),5to de Secundaria,Sesión de consolidación (miércoles y sábados),5,15jul2026,Patrones y progresiones,,Hoy salieron a las 12 pm y no llegaron para la tarde,,1.3333334,0,0,0,0,0,,,
Matemática,I.E N° 64518 (Segakiato),5to de Secundaria,Sesión de consolidación (miércoles y sábados),5,18jul2026,Patrones y progresiones,,Progresión aritmética ,,1.3333334,0,0,0,0,0,,,
,,,,,,,,,,,0,0,0,0,,,,
